Date,Open,High,Low,Close
2003-04-23,11.6111,11.6578,11.5722,11.6578
2003-04-24,11.5666,11.5666,11.4,11.4278
2003-04-25,11.2678,11.2678,11.2222,11.2389
2003-04-28,11.2678,11.4244,11.2666,11.4244
2003-04-29,11.6011,11.7555,11.6011,11.75
2003-04-30,11.7222,11.7322,11.6866,11.7166
2003-05-01,11.6833,11.73,11.6666,11.6711
2003-05-02,11.7089,11.85,11.7089,11.85
2003-05-05,11.8944,11.98,11.8944,11.9778
2003-05-06,11.9778,12.0533,11.9666,12.0389
2003-05-07,11.9889,12.0189,11.9789,12.0166
2003-05-08,11.9444,11.9511,11.9,11.9111
2003-05-09,11.9278,12.06,11.9278,12.0511
2003-05-12,12.1055,12.2189,12.1,12.2189
2003-05-13,12.1755,12.1755,12.1166,12.15
2003-05-14,12.15,12.15,12.0655,12.0889
2003-05-15,12.1133,12.1133,12.0833,12.1133
2003-05-16,12.1222,12.1666,12.0889,12.1222
2003-05-19,12.0444,12.0444,11.7889,11.8333
2003-05-20,11.8611,11.9066,11.8278,11.8922
2003-05-21,11.8711,11.9055,11.8089,11.9022
2003-05-22,11.9055,12.01,11.9055,12.01
2003-05-23,12.0944,12.1622,12.0944,12.1333
2003-05-27,12.1622,12.5755,12.1622,12.5678
2003-05-28,12.5678,12.64,12.5678,12.6222
2003-05-29,12.6111,12.6644,12.5889,12.6389
2003-05-30,12.6666,12.7855,12.6411,12.7855
2003-06-02,12.8222,13.0222,12.8222,12.8778
2003-06-03,12.8889,12.8889,12.6744,12.78
2003-06-04,12.7778,12.9455,12.7778,12.9444
2003-06-05,12.9911,12.9911,12.8733,12.9578
2003-06-06,13.0278,13.2111,13.0266,13.0789
2003-06-09,13.0955,13.0955,12.9255,12.9666
2003-06-10,12.9711,13.1,12.9711,13.1
2003-06-11,13.0944,13.1211,13.0,13.1111
2003-06-12,13.1333,13.21,13.1233,13.21
2003-06-13,13.1789,13.2166,13.1689,13.2055
2003-06-16,13.2444,13.3489,13.2278,13.3477
2003-06-17,13.4844,13.6333,13.4844,13.6222
2003-06-18,13.5855,13.6489,13.5422,13.5722
2003-06-19,13.6833,13.7055,13.5555,13.5722
2003-06-20,13.6111,13.6333,13.5333,13.5722
2003-06-23,13.5277,13.5277,13.2355,13.2389
2003-06-24,13.1833,13.1833,13.0666,13.1411
2003-06-25,13.1744,13.3311,13.1744,13.25
2003-06-26,13.3133,13.4,13.29,13.3933
2003-06-27,13.4111,13.4166,13.2978,13.3311
2003-06-30,13.3689,13.3689,13.3,13.3222
2003-07-01,13.3722,13.4777,13.3333,13.4666
2003-07-02,13.6166,13.7933,13.6166,13.7833
2003-07-03,13.8222,13.8289,13.7944,13.8222
2003-07-07,13.9666,14.1644,13.9666,14.1644
2003-07-08,14.1911,14.23,14.1389,14.2044
2003-07-09,14.1944,14.1944,14.1111,14.1711
2003-07-10,14.0933,14.0933,13.8777,13.9222
2003-07-11,13.9222,14.0389,13.9222,14.0389
2003-07-14,14.1944,14.3444,14.1944,14.2855
2003-07-15,14.3555,14.3555,14.1055,14.1055
2003-07-16,14.0777,14.1555,14.0366,14.1166
2003-07-17,14.0277,14.0277,13.7477,13.7477
2003-07-18,13.7722,13.9311,13.7722,13.9311
2003-07-21,13.8766,13.8766,13.7289,13.7466
2003-07-22,13.7822,13.9289,13.7666,13.9111
2003-07-23,13.8666,13.8666,13.74,13.8222
2003-07-24,13.9166,14.01,13.8889,13.8889
2003-07-25,13.9911,14.1166,13.9722,14.1166
2003-07-28,14.2,14.2389,14.1555,14.1944
2003-07-29,14.2166,14.2233,14.1,14.1144
2003-07-30,14.0811,14.0833,13.9833,14.0111
2003-07-31,14.0333,14.1211,14.0333,14.0777
2003-08-01,14.1055,14.1333,14.09,14.1089
2003-08-04,14.1277,14.1355,14.0,14.0466
2003-08-05,14.0466,14.0466,13.8955,13.8955
2003-08-06,13.8922,13.9077,13.7977,13.8333
2003-08-07,13.9333,13.9766,13.9,13.9344
2003-08-08,14.05,14.0555,13.9933,14.0277
2003-08-11,14.1111,14.1389,14.0555,14.0889
2003-08-12,14.1144,14.1566,14.0944,14.1444
2003-08-13,14.3189,14.3889,14.2533,14.3444
2003-08-14,14.3533,14.5433,14.3533,14.5333
2003-08-15,14.3889,14.3889,14.3889,14.3889
2003-08-18,14.5222,14.6977,14.5077,14.6955
2003-08-19,14.7777,14.7777,14.6777,14.7677
2003-08-20,14.7333,14.77,14.68,14.77
2003-08-21,14.89,15.0466,14.8722,15.0411
2003-08-22,15.2222,15.2222,15.0722,15.1177
2003-08-25,15.0966,15.0966,14.9844,15.0
2003-08-26,14.9389,14.9389,14.7277,14.8166
2003-08-27,14.84,14.9889,14.7866,14.9889
2003-08-28,15.0411,15.0933,14.9522,15.0933
2003-08-29,15.1889,15.2333,15.1889,15.2022
2003-09-02,15.3333,15.43,15.3111,15.4277
2003-09-03,15.6389,15.6389,15.5389,15.55
2003-09-04,15.5622,15.6277,15.5455,15.6055
2003-09-05,15.6333,15.6333,15.5611,15.5911
2003-09-08,15.7455,15.9055,15.7455,15.8866
2003-09-09,15.92,15.92,15.5866,15.6111
2003-09-10,15.5866,15.5866,15.2711,15.3511
2003-09-11,15.3566,15.4855,15.3333,15.3333
2003-09-12,15.3833,15.4422,15.2777,15.4422
2003-09-15,15.4644,15.4644,15.1666,15.2144
2003-09-16,15.3666,15.5277,15.3322,15.5277
2003-09-17,15.5544,15.5689,15.4511,15.4611
2003-09-18,15.4989,15.67,15.4444,15.6389
2003-09-19,15.6611,15.6611,15.5322,15.5666
2003-09-22,15.4966,15.4966,15.2455,15.3122
2003-09-23,15.3289,15.3611,15.3089,15.35
2003-09-24,15.5466,15.5766,15.3666,15.3777
2003-09-25,15.3777,15.3777,15.15,15.15
2003-09-26,15.15,15.15,15.0444,15.0444
2003-09-29,15.0689,15.1644,15.0555,15.1511
2003-09-30,15.2455,15.2455,15.0555,15.1033
2003-10-01,15.3122,15.5044,15.3011,15.5
2003-10-02,15.6455,15.75,15.6111,15.7222
2003-10-03,15.9444,15.9477,15.8511,15.8777
2003-10-06,15.9577,15.9733,15.8922,15.9389
2003-10-07,15.9889,15.9889,15.8889,15.9222
2003-10-08,16.0622,16.0722,16.0211,16.0411
2003-10-09,16.2977,16.3889,16.2777,16.3111
2003-10-10,16.3977,16.5155,16.3977,16.5111
2003-10-13,16.6111,16.7766,16.6111,16.7611
2003-10-14,16.7133,16.7133,16.4333,16.4411
2003-10-15,16.6389,16.7,16.6,16.64
2003-10-16,16.64,16.6777,16.6111,16.6355
2003-10-17,16.6422,16.6422,16.5,16.5344
2003-10-20,16.6577,16.6766,16.6055,16.6266
2003-10-21,16.6655,16.71,16.6444,16.71
2003-10-22,16.6777,16.6777,16.3966,16.4644
2003-10-23,16.2222,16.2222,16.1133,16.2222
2003-10-24,16.1111,16.1366,16.0566,16.1366
2003-10-27,16.2444,16.3333,16.2444,16.3222
2003-10-28,16.5333,16.5655,16.4889,16.5455
2003-10-29,16.6,16.6889,16.5666,16.6833
2003-10-30,16.7577,16.7722,16.6222,16.6233
2003-10-31,16.6366,16.6466,16.4689,16.49
2003-11-03,16.7777,16.8889,16.7555,16.8833
2003-11-04,16.9966,17.0,16.9044,16.93
2003-11-05,16.97,16.9966,16.8955,16.9522
2003-11-06,16.8833,16.8833,16.7455,16.8311
2003-11-07,16.8466,16.91,16.8277,16.8489
2003-11-10,16.8122,16.8122,16.6055,16.6166
2003-11-11,16.4944,16.4944,16.3444,16.4033
2003-11-12,16.5089,16.7155,16.4855,16.6955
2003-11-13,16.8144,16.8255,16.6811,16.8244
2003-11-14,16.7866,16.8422,16.6811,16.7389
2003-11-17,16.6111,16.6111,16.3133,16.4122
2003-11-18,16.5166,16.5611,16.4444,16.4444
2003-11-19,16.3889,16.3889,16.2844,16.3377
2003-11-20,16.1944,16.2166,16.1111,16.1266
2003-11-21,16.1822,16.2666,16.1822,16.2666
2003-11-24,16.2666,16.45,16.2389,16.4433
2003-11-25,16.4933,16.5444,16.4444,16.5
2003-11-26,16.6455,16.6511,16.5611,16.6511
2003-11-28,16.6655,16.8477,16.6444,16.8
2003-12-01,17.0444,17.2811,17.0444,17.2811
2003-12-02,17.2811,17.2811,17.1833,17.2044
2003-12-03,17.2911,17.3055,17.1444,17.1444
2003-12-04,17.1444,17.1444,16.9722,17.0266
2003-12-05,17.0033,17.0411,16.9089,16.9944
2003-12-08,16.9722,17.0444,16.9622,17.0277
2003-12-09,17.1222,17.15,16.9566,16.9566
2003-12-10,17.0444,17.0555,16.8555,16.8889
2003-12-11,17.0389,17.2066,17.0222,17.1966
2003-12-12,17.2755,17.2777,17.2233,17.2755
2003-12-15,17.42,17.4466,17.2444,17.2889
2003-12-16,17.3055,17.3055,17.1355,17.2166
2003-12-17,17.1066,17.1066,16.9755,17.0166
2003-12-18,17.0866,17.2911,17.0866,17.2911
2003-12-19,17.25,17.3566,17.25,17.3333
2003-12-22,17.3222,17.5,17.2833,17.5
2003-12-23,17.5,17.5477,17.4633,17.5477
2003-12-24,17.6022,17.6333,17.5666,17.6044
2003-12-26,17.6666,17.6666,17.6344,17.6489
2003-12-29,17.7777,17.9155,17.7555,17.9155
2003-12-30,18.0211,18.0944,17.9955,18.0011
2003-12-31,18.0889,18.2333,18.0889,18.2144
2004-01-02,18.3444,18.71,18.3444,18.62
2004-01-05,19.1333,19.2733,19.0,19.2733
2004-01-06,19.2733,19.2733,19.0277,19.0555
2004-01-07,18.9444,19.1,18.9444,19.1
2004-01-08,19.1455,19.2111,19.0088,19.1722
2004-01-09,19.1877,19.2911,19.1277,19.1377
2004-01-12,19.1833,19.2055,19.0477,19.1211
2004-01-13,19.1611,19.1777,18.95,19.0122
2004-01-14,18.9455,19.0733,18.9388,19.0422
2004-01-15,18.9666,18.9677,18.6277,18.6533
2004-01-16,18.6389,18.7366,18.6111,18.7333
2004-01-20,19.1111,19.2944,18.8997,19.2777
2004-01-21,19.2744,19.3722,19.1666,19.3033
2004-01-22,19.2388,19.3044,19.0977,19.2544
2004-01-23,19.2788,19.2888,19.1777,19.2222
2004-01-26,19.2744,19.35,19.1911,19.35
2004-01-27,19.3888,19.4477,19.2222,19.2522
2004-01-28,19.3555,19.3844,18.9555,18.98
2004-01-29,18.9044,18.9433,18.3677,18.6811
2004-01-30,18.5555,18.6589,18.5166,18.6555
2004-02-02,18.68,18.6844,18.5777,18.66
2004-02-03,18.6722,18.6722,18.5266,18.5555
2004-02-04,18.4555,18.4833,18.3889,18.3889
2004-02-05,18.3344,18.4177,18.3055,18.3833
2004-02-06,18.5744,18.8511,18.5577,18.8022
2004-02-09,19.0,19.1655,18.8888,19.0733
2004-02-10,19.08,19.0977,19.0122,19.0566
2004-02-11,19.1155,19.3766,19.06,19.3522
2004-02-12,19.4411,19.4411,19.3,19.3422
2004-02-13,19.5611,19.5722,19.3433,19.3555
2004-02-17,19.6222,19.7444,19.5355,19.7444
2004-02-18,19.7677,19.7677,19.4566,19.4755
2004-02-19,19.4788,19.53,19.3055,19.3055
2004-02-20,19.1111,19.1333,18.9288,19.0888
2004-02-23,19.2,19.2322,18.8977,18.9222
2004-02-24,18.88,18.88,18.7777,18.8222
2004-02-25,18.8866,19.0311,18.86,19.0277
2004-02-26,19.1255,19.1255,19.0422,19.1222
2004-02-27,19.3411,19.4344,19.2888,19.3933
2004-03-01,19.5377,19.8544,19.5255,19.8355
2004-03-02,19.8577,19.8577,19.6755,19.6777
2004-03-03,19.5544,19.57,19.4222,19.5555
2004-03-04,19.6111,19.6944,19.5877,19.6888
2004-03-05,19.6888,19.7911,19.6111,19.7611
2004-03-08,19.8444,19.8888,19.5722,19.5722
2004-03-09,19.6333,19.6333,19.3344,19.4444
2004-03-10,19.4666,19.4666,18.9611,19.0
2004-03-11,18.7555,18.8033,18.5889,18.5889
2004-03-12,18.6111,18.7888,18.6111,18.7444
2004-03-15,18.6,18.6389,18.3944,18.3944
2004-03-16,18.4889,18.6277,18.4777,18.6222
2004-03-17,18.8333,18.9088,18.7911,18.8777
2004-03-18,18.9311,18.9922,18.8344,18.9888
2004-03-19,19.0633,19.0633,18.7388,18.7388
2004-03-22,18.8677,18.8677,18.3322,18.4389
2004-03-23,18.5544,18.6433,18.5544,18.6244
2004-03-24,18.6966,18.7266,18.6166,18.6389
2004-03-25,18.6866,18.8277,18.6666,18.8211
2004-03-26,18.8222,18.8711,18.7833,18.7866
2004-03-29,19.0555,19.0777,19.0188,19.0277
2004-03-30,19.1633,19.2755,19.1388,19.2611
2004-03-31,19.4333,19.5,19.3911,19.5
2004-04-01,19.5433,19.6711,19.5411,19.6588
2004-04-02,19.8833,19.9,19.8144,19.8555
2004-04-05,20.02,20.02,19.9555,19.9944
2004-04-06,20.0022,20.1111,19.9944,20.1055
2004-04-07,20.2111,20.2177,19.9444,20.0333
2004-04-08,20.2255,20.2333,19.9988,20.05
2004-04-12,20.2,20.2666,20.16,20.2044
2004-04-13,20.2166,20.2166,19.9266,19.9688
2004-04-14,19.82,19.82,19.6588,19.6744
2004-04-15,19.6833,19.6833,19.3911,19.5111
2004-04-16,19.5722,19.6888,19.4911,19.6555
2004-04-19,19.6533,19.6888,19.5966,19.6888
2004-04-20,19.7755,19.7755,19.4555,19.5166
2004-04-21,19.4933,19.4933,19.3455,19.3722
2004-04-22,19.2,19.3755,19.1466,19.3666
2004-04-23,19.4444,19.6277,19.4444,19.5111
2004-04-26,19.5166,19.5166,19.2277,19.2333
2004-04-27,19.3277,19.3322,19.1311,19.1311
2004-04-28,19.09,19.09,18.5577,18.5833
2004-04-29,18.3333,18.3333,17.92,17.9711
2004-04-30,17.8055,17.9033,17.5655,17.5889
2004-05-03,17.6422,17.7666,17.62,17.7655
2004-05-04,18.1366,18.2144,17.97,18.1133
2004-05-05,18.1766,18.2477,18.07,18.1577
2004-05-06,17.8889,17.9089,17.7422,17.7811
2004-05-07,17.5666,17.5666,17.2544,17.3811
2004-05-10,16.67,16.7889,16.5289,16.5422
2004-05-11,16.8355,17.0555,16.8277,17.0333
2004-05-12,17.07,17.1444,16.5777,17.0389
2004-05-13,16.8222,17.0922,16.8,16.9944
2004-05-14,16.8411,16.87,16.3766,16.5466
2004-05-17,15.8889,16.3311,15.8833,15.8844
2004-05-18,16.4111,16.4989,16.2055,16.3566
2004-05-19,17.2833,17.2855,16.79,16.8089
2004-05-20,16.8466,16.8755,16.6744,16.7055
2004-05-21,17.0033,17.1444,16.98,16.98
2004-05-24,17.4989,17.4989,17.0944,17.2444
2004-05-25,17.22,17.6555,17.1111,17.6244
2004-05-26,17.7555,17.7555,17.5233,17.5555
2004-05-27,17.8766,17.9077,17.7344,17.8333
2004-05-28,18.0222,18.0222,17.7333,17.7944
2004-06-01,17.8111,17.8111,17.6166,17.6711
2004-06-02,17.65,17.72,17.4889,17.6711
2004-06-03,17.3166,17.4011,17.2633,17.2789
2004-06-04,17.4589,17.6044,17.4444,17.5333
2004-06-07,17.8777,18.1611,17.7111,18.1389
2004-06-08,18.0555,18.0555,17.7777,17.8866
2004-06-09,17.7377,17.7377,17.47,17.4822
2004-06-10,17.4566,17.5333,17.4366,17.5022
2004-06-14,17.0166,17.0211,16.8277,16.8277
2004-06-15,17.1322,17.2777,17.08,17.1533
2004-06-16,17.1622,17.1622,16.9033,16.9233
2004-06-17,16.9155,17.0922,16.89,17.0077
2004-06-18,17.1844,17.1844,16.7777,16.9111
2004-06-21,17.2089,17.2089,16.9866,16.9889
2004-06-22,17.0744,17.2144,17.0166,17.1689
2004-06-23,17.1777,17.4944,17.1,17.4744
2004-06-24,17.7522,17.7533,17.5422,17.5444
2004-06-25,17.7144,17.7922,17.6977,17.7222
2004-06-28,17.9,17.9,17.5622,17.5711
2004-06-29,17.5555,17.7222,17.5555,17.7055
2004-06-30,17.8389,18.0433,17.6877,17.9589
2004-07-01,17.8344,17.8655,17.6989,17.7344
2004-07-02,17.7777,17.8389,17.7244,17.7333
2004-07-06,17.7889,17.7944,17.5433,17.5433
2004-07-07,17.5777,17.8722,17.5777,17.7722
2004-07-08,17.6666,17.6955,17.5189,17.5189
2004-07-09,17.6111,17.7477,17.5811,17.6122
2004-07-12,17.5655,17.6033,17.4444,17.5666
2004-07-13,17.6489,17.6789,17.5433,17.6466
2004-07-14,17.5577,17.6377,17.4777,17.4777
2004-07-15,17.3922,17.4489,17.3,17.3866
2004-07-16,17.64,17.6655,17.5555,17.5777
2004-07-19,17.5944,17.6744,17.4622,17.5511
2004-07-20,17.5666,17.6255,17.4811,17.6255
2004-07-21,17.7766,17.7766,17.3544,17.4222
2004-07-22,17.2677,17.4222,17.2,17.4222
2004-07-23,17.3755,17.3755,17.0489,17.1222
2004-07-26,17.0966,17.1689,16.9222,16.9633
2004-07-27,17.0,17.2866,17.0,17.2866
2004-07-28,17.2211,17.2833,17.0833,17.2811
2004-07-29,17.2589,17.3889,17.2022,17.3889
2004-07-30,17.3977,17.4211,17.2811,17.3055
2004-08-02,17.2244,17.2511,17.1789,17.2189
2004-08-03,17.2189,17.3544,17.2044,17.2389
2004-08-04,17.2055,17.2555,17.0889,17.2555
2004-08-05,17.5111,17.5222,17.1433,17.1444
2004-08-06,17.1977,17.2,17.0,17.02
2004-08-09,17.2222,17.2777,17.1622,17.1622
2004-08-10,17.15,17.3789,17.15,17.3555
2004-08-11,17.1777,17.2077,17.0255,17.1944
2004-08-12,17.1666,17.1777,17.0022,17.0022
2004-08-13,17.2166,17.22,17.0044,17.0289
2004-08-16,17.0389,17.2889,17.0389,17.2611
2004-08-17,17.3189,17.4244,17.2766,17.3766
2004-08-18,17.34,17.5833,17.2811,17.5822
2004-08-19,17.7722,17.7722,17.54,17.6011
2004-08-20,17.6277,17.7711,17.6,17.6889
2004-08-23,17.7122,17.8355,17.5889,17.7844
2004-08-24,17.7389,17.8189,17.7111,17.7333
2004-08-25,17.7777,17.95,17.7555,17.9444
2004-08-26,18.0111,18.0111,17.9311,17.9689
2004-08-27,18.0166,18.0177,17.93,17.9355
2004-08-30,17.8777,17.8777,17.8001,17.8389
2004-08-31,17.8611,17.9377,17.7844,17.9166
2004-09-01,18.0544,18.0644,17.9222,18.0644
2004-09-02,18.1333,18.3166,18.0533,18.2889
2004-09-03,18.2111,18.2111,18.0444,18.0944
2004-09-07,18.14,18.2722,18.1389,18.2333
2004-09-08,18.0833,18.3055,18.0833,18.2222
2004-09-09,18.1555,18.3155,18.1555,18.2777
2004-09-10,18.35,18.5177,18.3333,18.4511
2004-09-13,18.5944,18.6888,18.5833,18.62
2004-09-14,18.7222,18.7222,18.6,18.6133
2004-09-15,18.6411,18.65,18.4955,18.5311
2004-09-16,18.7444,18.8222,18.6944,18.7633
2004-09-17,18.7088,18.9888,18.7055,18.8888
2004-09-20,18.9188,18.9444,18.7055,18.9077
2004-09-21,19.0,19.1977,18.9888,19.1055
2004-09-22,19.0,19.0188,18.8144,18.8166
2004-09-23,18.7111,18.9055,18.7066,18.9
2004-09-24,18.8544,18.8666,18.7766,18.8466
2004-09-27,18.8322,18.8322,18.65,18.7344
2004-09-28,18.7744,18.9977,18.7744,18.9666
2004-09-29,18.9222,19.0777,18.8911,19.0666
2004-09-30,19.0888,19.1666,19.0223,19.1666
2004-10-01,19.2866,19.5555,19.2555,19.5333
2004-10-04,19.7333,19.9066,19.6922,19.8666
2004-10-05,19.6733,19.8122,19.6222,19.72
2004-10-06,19.7444,19.9477,19.7077,19.9477
2004-10-07,19.8666,19.87,19.7222,19.7777
2004-10-08,19.7555,19.8333,19.5866,19.6333
2004-10-11,19.7266,19.7477,19.6666,19.7355
2004-10-12,19.3888,19.4311,19.2666,19.4244
2004-10-13,19.4011,19.4011,19.0344,19.1611
2004-10-14,19.0833,19.1377,18.8722,18.9
2004-10-15,18.9177,19.2166,18.9177,19.1522
2004-10-18,19.2288,19.3822,19.2,19.3555
2004-10-19,19.5166,19.6033,19.2622,19.2622
2004-10-20,19.2311,19.2455,19.069,19.1411
2004-10-21,19.2444,19.4166,19.2222,19.4166
2004-10-22,19.4722,19.4722,19.2555,19.2777
2004-10-25,19.2222,19.33,19.12,19.33
2004-10-26,19.3222,19.4222,19.2877,19.4
2004-10-27,19.4966,19.7777,19.4577,19.7333
2004-10-28,19.6388,19.7777,19.53,19.6355
2004-10-29,19.6722,19.7444,19.6288,19.7122
2004-11-01,19.8811,19.8944,19.7633,19.8588
2004-11-02,19.9444,20.0955,19.8888,19.9044
2004-11-03,20.3555,20.3888,20.1733,20.1944
2004-11-04,20.2111,20.5733,20.1844,20.5
2004-11-05,20.6111,20.6166,20.5222,20.5777
2004-11-08,20.4555,20.4777,20.3344,20.3455
2004-11-09,20.4444,20.4833,20.4133,20.4766
2004-11-10,20.6111,20.6166,20.4855,20.5
2004-11-11,20.5555,20.7733,20.5266,20.7333
2004-11-12,20.8166,21.1077,20.6911,21.0833
2004-11-15,21.1888,21.1911,21.0111,21.1033
2004-11-16,21.1166,21.1166,20.8444,20.8622
2004-11-17,21.2777,21.4533,21.2188,21.3333
2004-11-18,21.2077,21.5122,21.2077,21.3722
2004-11-19,21.3388,21.3444,21.0666,21.0666
2004-11-22,21.06,21.2111,20.8888,21.1488
2004-11-23,21.1066,21.2722,21.1,21.1855
2004-11-24,21.4,21.4355,21.3344,21.4111
2004-11-26,21.5277,21.7822,21.4977,21.7666
2004-11-29,21.7888,21.79,21.6333,21.6333
2004-11-30,21.8111,21.8111,21.6588,21.6733
2004-12-01,21.8,21.8722,21.7388,21.8388
2004-12-02,22.0,22.0,21.7888,21.8066
2004-12-03,21.7933,21.9111,21.7444,21.9055
2004-12-06,21.8888,21.8888,21.7222,21.8744
2004-12-07,21.8333,21.8333,21.4566,21.5388
2004-12-08,21.4666,21.4666,21.2488,21.4255
2004-12-09,21.0555,21.1955,20.92,21.0766
2004-12-10,20.9,21.0722,20.8066,21.0555
2004-12-13,21.2666,21.3755,21.15,21.3755
2004-12-14,21.4411,21.5888,21.4111,21.5722
2004-12-15,21.7888,21.8711,21.7333,21.8711
2004-12-16,21.9255,21.9255,21.6033,21.7611
2004-12-17,21.8011,21.85,21.6666,21.7111
2004-12-20,21.9444,21.9966,21.7277,21.9944
2004-12-21,22.0555,22.2077,21.9444,22.2055
2004-12-22,22.23,22.2666,22.1522,22.2
2004-12-23,22.1211,22.1211,21.9644,22.0811
2004-12-27,22.1444,22.1622,22.0288,22.0644
2004-12-28,22.17,22.2188,22.1511,22.1788
2004-12-29,22.2522,22.3011,22.1944,22.3011
2004-12-30,22.3611,22.3788,22.2311,22.2444
2004-12-31,22.4333,22.4333,22.33,22.4277
2005-01-03,22.4111,22.4944,22.1533,22.1944
2005-01-04,22.1388,22.15,21.5111,21.5111
2005-01-05,21.4888,21.53,21.2444,21.2477
2005-01-06,21.3166,21.3466,21.1255,21.2333
2005-01-07,21.3777,21.4177,21.1666,21.2744
2005-01-10,21.4,21.5122,21.2944,21.3011
2005-01-11,21.4,21.4055,21.2233,21.2611
2005-01-12,21.4,21.5233,21.2411,21.5222
2005-01-13,21.5877,21.6,21.4166,21.4333
2005-01-14,21.6666,21.8166,21.3333,21.8166
2005-01-18,21.8044,21.8044,21.65,21.7777
2005-01-19,21.8866,21.8866,21.4777,21.4777
2005-01-20,21.5,21.5244,21.2111,21.2111
2005-01-21,21.6111,21.6388,21.4166,21.5
2005-01-24,21.7633,21.7666,21.4455,21.4666
2005-01-25,21.6111,21.7888,21.5888,21.6611
2005-01-26,22.0,22.0,21.7777,21.9777
2005-01-27,21.9855,22.0277,21.9233,21.9988
2005-01-28,22.05,22.0722,21.9255,22.0188
2005-01-31,22.2222,22.4166,22.2177,22.3088
2005-02-01,22.4422,22.5444,22.3644,22.5
2005-02-02,22.5022,22.5711,22.4444,22.5711
2005-02-03,22.5,22.57,22.4355,22.5022
2005-02-04,22.6811,22.9333,22.6222,22.9
2005-02-07,22.9333,23.0077,22.9333,22.9722
2005-02-08,23.0166,23.05,22.9355,23.0166
2005-02-09,23.0722,23.0866,22.91,22.9422
2005-02-10,22.8611,23.0544,22.8344,23.0533
2005-02-11,23.1022,23.3866,23.0111,23.2777
2005-02-14,23.4444,23.4922,23.3777,23.4444
2005-02-15,23.5166,23.6111,23.4222,23.5
2005-02-16,23.5,23.5077,23.3655,23.4277
2005-02-17,23.5166,23.5477,23.3888,23.3888
2005-02-18,23.5111,23.7088,23.5,23.6766
2005-02-22,23.8,23.9333,23.5444,23.59
2005-02-23,23.8333,23.8333,23.6555,23.6988
2005-02-24,23.9555,24.1066,23.8166,24.0666
2005-02-25,24.2777,24.5611,24.1844,24.5099
2005-02-28,24.7222,24.7253,24.3644,24.4688
2005-03-01,24.5033,24.5555,24.4155,24.5377
2005-03-02,24.3344,24.3633,24.1111,24.1333
2005-03-03,24.3333,24.3333,24.0555,24.1999
2005-03-04,24.4411,24.5411,24.3944,24.4888
2005-03-07,24.5577,24.7111,24.5477,24.6499
2005-03-08,24.6666,24.6666,24.4577,24.4622
2005-03-09,24.4999,24.5888,24.2788,24.3222
2005-03-10,24.1666,24.2777,24.0344,24.0888
2005-03-11,24.1099,24.2777,23.9233,23.9533
2005-03-14,23.89,24.0166,23.6777,23.77
2005-03-15,23.7333,23.7333,23.1555,23.1777
2005-03-16,23.0555,23.2755,22.8911,22.9811
2005-03-17,22.9811,23.4277,22.9655,23.4
2005-03-18,23.5555,23.5555,23.2233,23.2944
2005-03-21,23.3033,23.3066,22.8944,22.9577
2005-03-22,22.9222,23.2144,22.4677,22.5333
2005-03-23,22.2333,22.5766,22.2222,22.2477
2005-03-24,22.3333,22.6111,22.2222,22.2233
2005-03-28,22.5444,22.5444,22.2522,22.3766
2005-03-29,22.2888,22.2888,21.7611,21.7977
2005-03-30,22.1111,22.3888,21.9555,22.2944
2005-03-31,22.2344,22.6111,22.2344,22.5333
2005-04-01,22.6111,23.1911,22.6111,22.6666
2005-04-04,22.7611,22.7611,22.4511,22.7166
2005-04-05,22.7222,22.8888,22.6866,22.7111
2005-04-06,22.8888,23.2877,22.8888,23.0222
2005-04-07,23.1222,23.2777,23.0555,23.2544
2005-04-08,23.2,23.2255,23.1055,23.1444
2005-04-11,23.0588,23.0766,22.7211,22.9222
2005-04-12,22.9222,23.2111,22.5666,23.2111
2005-04-13,23.0888,23.0888,22.7488,22.7488
2005-04-14,22.6666,22.6666,22.1455,22.1666
2005-04-15,22.0555,22.2011,21.6666,21.7
2005-04-18,21.5555,21.9566,21.53,21.9566
2005-04-19,22.0833,22.3322,22.0833,22.3244
2005-04-20,22.3444,22.3444,21.7977,21.7977
2005-04-21,22.0333,22.4366,22.0011,22.4255
2005-04-22,22.3555,22.3822,22.0,22.1777
2005-04-25,22.3111,22.6211,22.2722,22.5977
2005-04-26,22.4444,22.5866,22.3077,22.3666
2005-04-27,22.2111,22.3077,22.0222,22.1644
2005-04-28,22.0555,22.0555,21.77,21.8111
2005-04-29,22.0555,22.2977,21.8344,22.2522
2005-05-02,22.3611,22.6666,22.2222,22.4
2005-05-03,22.3888,22.4744,22.2955,22.3788
2005-05-04,22.4444,23.0633,22.4444,22.9888
2005-05-05,23.0555,23.2622,22.8222,23.11
2005-05-06,23.0777,23.2611,23.0777,23.1722
2005-05-09,23.0,23.2588,23.0,23.1933
2005-05-10,22.9111,22.9866,22.6666,22.6722
2005-05-11,22.7777,22.8022,22.4933,22.7777
2005-05-12,22.7277,22.7888,22.3333,22.3888
2005-05-13,22.4444,22.4511,22.1133,22.1588
2005-05-16,22.2777,22.4222,22.15,22.4222
2005-05-17,22.2655,22.4977,22.2033,22.4277
2005-05-18,22.5,23.0,22.5,22.8744
2005-05-19,22.9355,23.0111,22.8611,22.9577
2005-05-20,22.8711,22.9111,22.73,22.9
2005-05-23,22.8111,23.0222,22.7866,22.9755
2005-05-24,22.8633,22.9088,22.8222,22.9088
2005-05-25,22.8633,22.8633,22.7222,22.7444
2005-05-26,22.8611,23.0544,22.8555,23.0
2005-05-27,23.1,23.1855,23.0511,23.1555
2005-05-31,23.1111,23.1111,22.9277,22.9555
2005-06-01,22.8888,23.2444,22.8755,23.2266
2005-06-02,23.2,23.41,23.1777,23.4033
2005-06-03,23.41,23.4988,23.24,23.2822
2005-06-06,23.3344,23.5211,23.2888,23.5166
2005-06-07,23.4688,23.6155,23.3666,23.4
2005-06-08,23.4844,23.5466,23.3077,23.3111
2005-06-09,23.3,23.7,23.1366,23.4333
2005-06-10,24.0333,24.0333,23.34,23.5
2005-06-13,23.5333,23.6666,23.4333,23.5933
2005-06-14,23.6433,23.6933,23.55,23.69
2005-06-15,23.69,23.8666,23.61,23.8666
2005-06-16,23.8333,24.1166,23.8333,24.08
2005-06-17,24.1333,24.3933,24.1333,24.37
2005-06-20,24.1333,24.2133,23.98,24.15
2005-06-21,24.1,24.1,24.0,24.0333
2005-06-22,24.3333,24.3433,24.1033,24.26
2005-06-23,24.2666,24.2666,23.8033,23.8333
2005-06-24,23.8033,23.85,23.7,23.75
2005-06-27,23.7766,24.0333,23.7033,23.9
2005-06-28,23.9166,24.1166,23.9,24.08
2005-06-29,24.1333,24.1333,23.9066,23.94
2005-06-30,24.3133,24.3133,23.3766,23.8666
2005-07-01,24.08,24.1033,23.8833,23.9533
2005-07-05,23.8333,24.06,23.8,24.06
2005-07-06,23.81,24.0666,23.81,23.9433
2005-07-07,23.6666,24.0166,23.6666,24.0133
2005-07-08,24.0333,24.28,24.0133,24.2633
2005-07-11,24.33,24.6333,24.33,24.6333
2005-07-12,24.7333,24.9633,24.6733,24.9266
2005-07-13,25.0,25.0,24.8433,24.91
2005-07-14,25.3333,25.3333,25.0033,25.0533
2005-07-15,25.1633,25.1633,24.8333,24.9166
2005-07-18,24.9166,24.9166,24.7666,24.84
2005-07-19,24.9,25.13,24.8698,25.1233
2005-07-20,25.0833,25.1833,24.95,25.1266
2005-07-21,25.1733,25.45,25.1633,25.4
2005-07-22,25.4,25.41,25.3093,25.34
2005-07-25,25.41,25.4833,25.12,25.12
2005-07-26,25.18,25.2633,25.02,25.2633
2005-07-27,25.2833,25.6666,25.2153,25.4
2005-07-28,25.5,25.8,25.4833,25.7166
2005-07-29,25.7433,25.8033,25.67,25.7
2005-08-01,25.9,26.12,25.9,26.12
2005-08-02,26.45,26.5833,26.25,26.5833
2005-08-03,26.6,26.6233,26.37,26.5166
2005-08-04,26.46,26.4966,26.2166,26.2833
2005-08-05,26.28,26.2833,25.6733,25.8
2005-08-08,25.8166,26.1333,25.8166,25.9766
2005-08-09,26.0333,26.53,26.0333,26.5
2005-08-10,26.79,26.9266,26.5533,26.7833
2005-08-11,26.85,26.85,26.5033,26.6333
2005-08-12,26.6,26.6,26.0833,26.35
2005-08-15,26.5,26.5966,26.3733,26.5333
2005-08-16,26.5266,26.53,26.0733,26.0733
2005-08-17,26.1566,26.2133,26.0,26.09
2005-08-18,25.75,25.8166,25.5533,25.61
2005-08-19,25.7333,25.7666,25.4666,25.51
2005-08-22,25.9166,26.1,25.75,25.8266
2005-08-23,25.8266,25.8266,25.5666,25.5833
2005-08-24,25.6133,25.6133,25.25,25.25
2005-08-25,25.4666,25.6333,25.37,25.5333
2005-08-26,25.6366,25.6666,25.4133,25.5
2005-08-29,25.4466,25.7833,25.38,25.78
2005-08-30,25.7633,25.7666,25.51,25.51
2005-08-31,25.6666,26.0566,25.6666,26.04
2005-09-01,26.1666,26.4366,26.1666,26.4
2005-09-02,26.45,26.6666,26.45,26.6333
2005-09-06,26.8333,27.05,26.7366,26.9666
2005-09-07,27.1,27.1,26.84,27.0
2005-09-08,26.7033,27.0466,26.7033,26.9566
2005-09-09,27.05,27.4033,27.05,27.3533
2005-09-12,27.6666,27.6666,27.2866,27.3133
2005-09-13,27.1033,27.29,26.99,27.0066
2005-09-14,27.1333,27.1333,26.8333,26.91
2005-09-15,27.1666,27.1933,27.0533,27.0666
2005-09-16,27.2366,27.7166,27.2366,27.4833
2005-09-19,27.5666,27.5833,27.41,27.4433
2005-09-20,27.7,27.7433,27.4333,27.5166
2005-09-21,27.79,27.8,27.25,27.7766
2005-09-22,28.0133,28.0133,27.3033,27.5
2005-09-23,27.4,27.5266,27.27,27.4766
2005-09-26,27.4366,27.76,27.4366,27.72
2005-09-27,27.75,27.75,27.4933,27.5366
2005-09-28,27.6766,27.86,27.65,27.85
2005-09-29,28.0,28.38,27.8666,28.34
2005-09-30,28.3266,28.3333,28.1533,28.2933
2005-10-03,28.4166,28.54,28.2933,28.4733
2005-10-04,28.6333,28.64,28.12,28.2066
2005-10-05,28.0,28.4366,27.3333,27.35
2005-10-06,27.17,27.17,26.1266,26.3933
2005-10-07,26.6666,27.16,26.6666,27.0466
2005-10-10,27.07,27.4933,26.93,26.9566
2005-10-11,27.3333,27.4667,27.0033,27.0733
2005-10-12,26.9666,27.0333,26.15,26.2433
2005-10-13,25.9666,26.1,25.5333,26.08
2005-10-14,26.1633,26.3333,25.5166,25.98
2005-10-17,26.0166,26.4333,26.0166,26.2666
2005-10-18,26.29,26.29,25.6,25.6
2005-10-19,25.0833,26.1433,25.0133,26.1
2005-10-20,26.0666,26.4833,24.95,25.05
2005-10-21,25.4166,25.7833,25.3,25.7166
2005-10-24,25.8333,26.4333,25.8,26.41
2005-10-25,26.3333,26.3666,25.7533,25.89
2005-10-26,26.27,26.3633,25.5533,25.9833
2005-10-27,26.0333,26.0666,25.3,25.3666
2005-10-28,25.6166,26.06,25.4666,26.0333
2005-10-31,26.15,26.7333,26.1333,26.5
2005-11-01,26.55,26.9933,26.55,26.9666
2005-11-02,27.0,27.483,26.95,27.3833
2005-11-03,27.5,27.7833,27.3333,27.4133
2005-11-04,27.4933,27.4933,26.85,27.3566
2005-11-07,27.3666,27.3833,27.0333,27.3766
2005-11-08,26.9866,27.2933,26.95,27.12
2005-11-09,27.1333,27.5633,27.0866,27.5266
2005-11-10,27.5,27.6166,27.1166,27.57
2005-11-11,27.5666,27.6566,27.4333,27.63
2005-11-14,27.53,27.58,27.27,27.5566
2005-11-15,27.5366,27.6633,27.3066,27.4
2005-11-16,27.4866,27.6333,27.3033,27.6333
2005-11-17,27.8333,28.1266,27.8075,28.04
2005-11-18,28.0666,28.3566,27.9333,28.1166
2005-11-21,28.1366,28.2333,27.96,28.1333
2005-11-22,27.7166,28.1333,27.63,28.12
2005-11-23,28.2,28.55,28.1666,28.4166
2005-11-25,28.43,28.4833,28.3666,28.3966
2005-11-28,28.46,28.5766,28.15,28.2166
2005-11-29,28.3333,28.4466,27.96,27.9666
2005-11-30,28.02,28.2833,28.02,28.0333
2005-12-01,28.2833,28.8333,28.2833,28.7666
2005-12-02,28.8133,28.9666,28.7066,28.7333
2005-12-05,28.9933,29.0166,28.7666,28.9666
2005-12-06,29.15,29.35,29.0833,29.2333
2005-12-07,29.43,29.4666,28.8933,28.9566
2005-12-08,28.8,29.06,28.6666,28.74
2005-12-09,28.83,29.0533,28.75,29.0333
2005-12-12,29.0766,29.4466,29.0766,29.2
2005-12-13,29.3666,29.61,29.1366,29.5833
2005-12-14,29.6,29.6,29.2606,29.3866
2005-12-15,29.5833,29.5833,29.1833,29.2666
2005-12-16,29.1666,29.3333,29.16,29.1666
2005-12-19,29.4166,29.5133,29.0833,29.1
2005-12-20,29.3333,29.4,29.1666,29.35
2005-12-21,29.5666,29.85,29.4666,29.8266
2005-12-22,29.78,29.9666,29.7166,29.8333
2005-12-23,29.6333,29.77,29.5333,29.68
2005-12-27,29.5333,30.0,29.35,29.35
2005-12-28,29.5,29.5,29.3,29.43
2005-12-29,29.6433,29.6433,29.4166,29.4333
2005-12-30,29.4333,29.5266,29.0833,29.4166
2006-01-03,30.06,30.5833,30.0,30.5166
2006-01-04,30.6666,30.8866,30.6666,30.7933
2006-01-05,30.64,30.95,30.64,30.95
2006-01-06,31.35,31.6566,31.1166,31.5966
2006-01-09,31.8333,31.97,31.4833,31.9066
2006-01-10,31.5933,31.6666,31.26,31.5233
2006-01-11,31.6,31.8966,31.3333,31.8933
2006-01-12,31.9666,31.9666,31.4033,31.45
2006-01-13,31.5333,31.65,31.3833,31.4833
2006-01-17,31.16,31.3333,30.8366,30.9333
2006-01-18,30.4166,31.23,30.4133,30.9166
2006-01-19,31.3333,31.96,31.3333,31.9166
2006-01-20,31.96,32.1166,30.9666,30.9666
2006-01-23,31.34,31.8666,31.2666,31.8666
2006-01-24,31.8033,32.37,31.8033,32.3666
2006-01-25,32.68,33.2266,32.25,32.3833
2006-01-26,32.5733,33.15,32.5633,33.15
2006-01-27,33.3333,33.7966,33.2066,33.53
2006-01-30,33.2333,33.4833,33.2333,33.3733
2006-01-31,33.4333,33.63,33.17,33.5933
2006-02-01,33.6333,33.6666,33.3866,33.5766
2006-02-02,33.35,33.39,32.5133,32.7133
2006-02-03,32.1666,32.7133,31.9,32.2666
2006-02-06,32.7933,33.0333,32.59,33.0333
2006-02-07,32.6666,32.8,32.0533,32.1666
2006-02-08,31.84,32.4633,31.84,32.2666
2006-02-09,32.5,32.78,32.3166,32.35
2006-02-10,32.7,32.7,31.9633,32.3
2006-02-13,32.0333,32.1066,31.5,31.5033
2006-02-14,31.81,32.3333,31.4,32.3
2006-02-15,32.2333,32.6666,31.8366,32.1333
2006-02-16,32.4633,32.9733,32.3333,32.9666
2006-02-17,32.97,33.06,32.8333,32.9233
2006-02-21,33.25,33.25,32.6333,32.6333
2006-02-22,32.9033,33.07,32.66,32.81
2006-02-23,33.0233,33.0666,32.72,32.8
2006-02-24,32.8833,33.05,32.8,32.8633
2006-02-27,33.19,33.2733,32.9066,33.1633
2006-02-28,33.0566,33.0666,32.2333,32.3
2006-03-01,32.63,33.6066,32.43,33.1933
2006-03-02,33.0866,33.25,32.93,33.22
2006-03-03,32.8233,33.0666,32.6366,32.6666
2006-03-06,32.9333,32.9333,32.07,32.1666
2006-03-07,31.8866,31.8866,30.8833,31.0333
2006-03-08,31.03,31.27,30.5,31.2166
2006-03-09,31.4,31.6833,30.8,30.9
2006-03-10,31.4833,31.6633,30.9966,31.55
2006-03-13,31.6466,31.9666,31.49,31.5166
2006-03-14,31.44,32.5,31.44,32.5
2006-03-15,32.4033,32.8766,32.3566,32.8766
2006-03-16,32.8633,32.8933,32.5666,32.5833
2006-03-17,32.8133,33.18,32.6033,32.8133
2006-03-20,32.9566,33.1433,32.8133,33.0
2006-03-21,32.9966,32.9966,32.1666,32.3333
2006-03-22,32.0633,32.7666,32.0633,32.69
2006-03-23,32.69,32.8766,32.3633,32.3866
2006-03-24,32.3166,32.91,32.3166,32.6666
2006-03-27,32.6666,32.9133,32.5666,32.8666
2006-03-28,32.5666,32.7666,32.17,32.2666
2006-03-29,32.51,32.9233,32.3,32.8833
2006-03-30,32.9166,33.4633,32.7333,33.05
2006-03-31,33.1933,33.48,32.8333,33.0
2006-04-03,33.4266,34.0666,33.4166,33.9333
2006-04-04,34.2433,34.2433,33.85,34.1333
2006-04-05,34.1966,34.4833,34.1333,34.4833
2006-04-06,34.37,34.5333,33.9333,34.3066
2006-04-07,34.4166,34.5,33.7,33.7833
2006-04-10,33.9333,34.2666,33.63,33.6666
2006-04-11,34.08,34.08,33.3333,33.38
2006-04-12,33.42,33.6,33.3666,33.5733
2006-04-13,33.85,33.85,33.3833,33.7333
2006-04-17,33.96,34.2766,33.94,34.1333
2006-04-18,34.5933,35.2933,34.4866,35.2666
2006-04-19,35.3266,35.5166,34.9833,35.4833
2006-04-20,35.6633,35.6666,35.0266,35.3566
2006-04-21,35.9933,35.9933,35.3833,35.6333
2006-04-24,35.49,35.49,34.9166,35.1666
2006-04-25,35.0433,35.32,34.6333,34.6833
2006-04-26,35.0133,35.4166,34.95,35.3666
2006-04-27,34.6666,36.52,34.6133,34.81
2006-04-28,34.8833,35.2033,34.7333,35.15
2006-05-01,35.3133,35.54,35.1333,35.14
2006-05-02,35.5,35.8266,35.3333,35.76
2006-05-03,35.9633,35.9833,35.5366,35.8
2006-05-04,35.8666,36.33,35.8666,36.15
2006-05-05,36.4033,36.7333,36.3833,36.7333
2006-05-08,36.74,37.0833,36.7333,37.0
2006-05-09,36.9,37.0766,36.82,37.0333
2006-05-10,37.0533,37.0533,36.5066,36.6333
2006-05-11,36.73,36.7333,35.69,35.7
2006-05-12,35.6,35.63,34.6166,34.7666
2006-05-15,34.3333,34.3333,32.2866,33.9333
2006-05-16,33.9333,34.3833,33.8833,34.1033
2006-05-17,33.5166,34.1666,32.8,32.9333
2006-05-18,33.14,33.3433,32.1666,32.3
2006-05-19,32.7533,32.9966,31.9,32.9966
2006-05-22,31.6666,31.6933,30.8333,31.4433
2006-05-23,32.0966,32.6,31.0333,31.1
2006-05-24,31.3966,31.6166,30.2166,30.8833
2006-05-25,31.3066,32.6666,31.2733,32.1966
2006-05-26,32.4166,32.4333,31.6366,32.1
2006-05-30,31.95,31.9666,30.6366,30.7166
2006-05-31,31.0,31.5333,30.8166,31.2333
2006-06-01,31.31,31.9333,31.0,31.8733
2006-06-02,32.3333,32.5233,31.7833,32.2
2006-06-05,31.8766,32.0,30.83,30.8333
2006-06-06,31.0333,31.0633,29.7,30.6066
2006-06-07,30.3533,30.9666,29.9,29.9333
2006-06-08,29.1866,29.55,28.3,29.4
2006-06-09,29.69,29.8633,28.93,29.0166
2006-06-12,29.0166,29.1433,27.9366,27.9366
2006-06-13,27.3666,27.8866,27.1166,27.3166
2006-06-14,27.72,28.1,27.3666,28.1
2006-06-15,28.6866,29.7533,28.6666,29.7366
2006-06-16,29.48,29.8,29.1,29.5666
2006-06-19,29.6166,29.6666,28.4666,28.4666
2006-06-20,28.7333,29.1166,28.6,28.8166
2006-06-21,28.78,29.86,28.7366,29.75
2006-06-22,29.5833,29.5833,29.0033,29.2166
2006-06-23,29.21,29.3266,28.6666,29.1666
2006-06-26,29.1033,29.2966,28.9233,29.1666
2006-06-27,29.3333,29.6366,28.6166,28.6166
2006-06-28,29.2333,29.5233,29.0,29.5133
2006-06-29,29.8466,31.2666,29.8066,31.2666
2006-06-30,31.3933,31.6,30.9833,31.3
2006-07-03,31.8666,32.03,31.65,31.9933
2006-07-05,31.59,31.5966,30.8966,31.0
2006-07-06,31.2433,31.65,31.1033,31.6333
2006-07-07,31.3833,31.5333,30.8833,31.0333
2006-07-10,31.2033,31.6333,31.09,31.2833
2006-07-11,31.0333,31.5,30.76,31.4333
2006-07-12,31.1666,31.43,30.7333,30.7333
2006-07-13,30.14,30.48,29.5166,29.5166
2006-07-14,29.7033,29.8333,29.2466,29.6666
2006-07-17,29.6033,29.7166,29.0966,29.2
2006-07-18,29.5666,29.75,29.0233,29.6066
2006-07-19,29.8266,31.4333,29.6766,31.4333
2006-07-20,31.4,31.4,30.3766,30.53
2006-07-21,30.6166,30.7666,29.8,29.9366
2006-07-24,30.6666,31.4166,30.4166,31.2833
2006-07-25,31.04,31.5533,30.9366,31.3666
2006-07-26,31.1333,31.36,30.9333,31.2333
2006-07-27,31.5733,32.1833,31.4466,31.6633
2006-07-28,31.8,32.4233,31.7,32.3433
2006-07-31,31.96,32.1533,31.8166,32.0333
2006-08-01,31.9166,31.9166,31.37,31.5166
2006-08-02,31.86,32.2,31.7633,31.9333
2006-08-03,31.6966,32.0066,31.5666,31.9
2006-08-04,32.3533,32.5866,31.7833,31.9666
2006-08-07,31.9233,32.1866,31.6666,31.7666
2006-08-08,31.9666,32.3833,31.7533,31.7666
2006-08-09,32.4633,32.4966,31.8566,31.8866
2006-08-10,31.8033,32.2133,31.7866,32.2133
2006-08-11,32.03,32.1133,31.7766,31.8233
2006-08-14,32.1666,32.36,31.84,31.95
2006-08-15,32.4333,32.75,32.2833,32.7333
2006-08-16,32.99,33.1433,32.8333,33.0533
2006-08-17,32.9333,33.3333,32.9,33.1
2006-08-18,33.0333,33.0333,32.5166,32.7866
2006-08-21,32.5033,32.6166,32.43,32.6166
2006-08-22,32.6,32.7833,32.4133,32.6066
2006-08-23,32.6,32.68,31.9833,32.0166
2006-08-24,32.21,32.21,31.81,31.93
2006-08-25,31.9333,32.25,31.9166,32.02
2006-08-28,32.0033,32.3833,31.8933,32.3833
2006-08-29,32.4366,32.5166,32.1666,32.4933
2006-08-30,32.47,32.6666,32.4433,32.6333
2006-08-31,32.6533,32.71,32.4533,32.54
2006-09-01,32.6,32.9933,32.56,32.9033
2006-09-05,33.0866,33.2,33.04,33.0833
2006-09-06,32.8633,32.8633,32.1333,32.1333
2006-09-07,32.0,32.1266,31.6833,31.7666
2006-09-08,31.95,32.0833,31.9166,32.0266
2006-09-11,31.62,31.6666,31.1066,31.3366
2006-09-12,31.5433,31.9633,31.5033,31.8733
2006-09-13,31.8,32.44,31.8,32.35
2006-09-14,32.3,32.3,32.0733,32.0833
2006-09-15,32.3333,32.44,32.07,32.2733
2006-09-18,32.4166,32.89,32.37,32.6366
2006-09-19,32.64,32.71,31.65,32.1333
2006-09-20,32.3166,32.8666,32.3166,32.7933
2006-09-21,32.6833,32.75,31.9166,31.9933
2006-09-22,31.75,31.8066,31.4566,31.5866
2006-09-25,31.74,31.9533,31.19,31.9533
2006-09-26,31.8533,32.3366,31.7666,32.33
2006-09-27,32.3366,32.3666,32.0633,32.2566
2006-09-28,32.38,32.5166,32.2067,32.5166
2006-09-29,32.3833,32.4833,32.2166,32.2566
2006-10-02,32.1166,32.59,32.0,32.2033
2006-10-03,32.02,32.1033,31.7666,31.7666
2006-10-04,31.6333,32.6666,31.6333,32.6166
2006-10-05,32.62,33.3433,32.62,33.05
2006-10-06,32.9133,33.0466,32.7366,32.9666
2006-10-09,32.67,33.0466,32.6433,32.8433
2006-10-10,32.8333,33.14,32.82,33.14
2006-10-11,32.9333,33.2233,32.85,32.9633
2006-10-12,33.0433,33.8333,33.0433,33.7666
2006-10-13,33.8,34.1166,33.7666,33.9666
2006-10-16,34.0166,34.1566,33.9633,34.06
2006-10-17,33.7666,33.9133,33.44,33.6133
2006-10-18,34.0,35.2666,33.7433,33.9433
2006-10-19,33.9333,34.1233,33.7766,34.0933
2006-10-20,34.2033,34.2033,33.8166,33.9333
2006-10-23,33.8833,34.0,33.6266,33.9033
2006-10-24,33.9466,34.0966,33.8466,34.0966
2006-10-25,34.1833,34.4933,34.11,34.4933
2006-10-26,34.6666,34.6766,34.37,34.5766
2006-10-27,34.3233,34.45,33.9866,34.0
2006-10-30,33.8833,33.8833,33.52,33.8833
2006-10-31,34.16,34.5333,33.97,34.5333
2006-11-01,34.63,34.7766,34.1866,34.1866
2006-11-02,34.1866,34.4133,34.1166,34.2933
2006-11-03,34.48,35.3333,34.3433,34.4
2006-11-06,34.6733,35.25,34.6733,35.2166
2006-11-07,35.25,35.3933,35.04,35.0666
2006-11-08,34.8366,35.2866,34.7666,35.1566
2006-11-09,35.3833,35.6666,35.2466,35.2766
2006-11-10,35.41,35.5,35.2166,35.3266
2006-11-13,35.2633,35.4633,35.1666,35.4466
2006-11-14,35.6633,36.0366,35.62,36.0
2006-11-15,35.9666,36.1033,35.8,36.0666
2006-11-16,36.15,36.1666,35.69,35.7033
2006-11-17,35.56,35.6633,35.3766,35.6633
2006-11-20,35.45,35.74,35.3833,35.5233
2006-11-21,35.6666,36.09,35.6666,36.09
2006-11-22,36.2,36.4566,36.07,36.3433
2006-11-24,36.13,36.44,36.1166,36.3366
2006-11-27,36.62,36.62,35.65,35.65
2006-11-28,35.65,35.8566,35.3833,35.8566
2006-11-29,36.0966,36.5896,36.0966,36.4366
2006-11-30,36.56,36.8566,36.4,36.6
2006-12-01,36.7533,36.8466,36.1666,36.45
2006-12-04,36.6666,37.29,36.6,37.21
2006-12-05,37.3466,37.88,37.2733,37.86
2006-12-06,37.5066,37.7766,37.4666,37.6
2006-12-07,37.6,37.75,37.2966,37.4666
2006-12-08,37.3666,37.5733,37.1733,37.3
2006-12-11,37.3666,37.3933,37.17,37.3166
2006-12-12,37.0833,37.1333,36.6266,36.8666
2006-12-13,36.9633,37.1166,36.91,37.0666
2006-12-14,37.2733,37.7266,37.2666,37.7
2006-12-15,37.98,37.9833,37.7333,37.8666
2006-12-18,37.9,38.12,37.5666,37.6033
2006-12-19,37.2,37.5033,36.8666,37.3666
2006-12-20,37.23,37.3233,37.1166,37.25
2006-12-21,37.25,37.3333,36.9933,37.1833
2006-12-22,37.3333,37.3666,37.0133,37.3166
2006-12-26,37.3,37.7133,37.27,37.6633
2006-12-27,37.93,38.2,37.7733,38.2
2006-12-28,38.2166,38.2666,37.9733,38.1266
2006-12-29,38.15,38.26,38.0233,38.0566
2007-01-03,38.6666,38.8033,38.08,38.38
2007-01-04,38.0833,38.0933,37.57,37.85
2007-01-05,37.4666,37.55,36.74,36.7433
2007-01-08,36.96,37.15,36.7533,37.01
2007-01-09,36.7333,36.7833,35.9833,36.1833
2007-01-10,35.8033,36.2533,35.5133,36.1
2007-01-11,36.3133,37.05,36.19,36.5566
2007-01-12,36.8233,37.3,36.6333,37.3
2007-01-16,37.45,37.4833,37.1966,37.4333
2007-01-17,37.3333,37.4933,37.13,37.2766
2007-01-18,37.6,37.6333,36.8833,36.8833
2007-01-19,37.0166,37.5478,37.0166,37.5466
2007-01-22,37.6,37.8433,37.3833,37.5033
2007-01-23,37.5,38.3566,37.4533,38.3566
2007-01-24,38.33,38.8333,38.24,38.69
2007-01-25,38.4433,38.5,37.5,37.5
2007-01-26,37.6666,37.8266,37.25,37.73
2007-01-29,37.54,37.5666,37.1466,37.23
2007-01-30,37.3533,37.8066,37.3533,37.8066
2007-01-31,37.4633,38.1,37.2533,38.1
2007-02-01,38.2666,38.6,38.2666,38.5666
2007-02-02,38.5833,38.66,38.3333,38.45
2007-02-05,38.3366,38.5266,38.1666,38.4866
2007-02-06,38.77,38.9466,38.6,38.8666
2007-02-07,38.96,38.9866,38.6033,38.7166
2007-02-08,38.5066,38.7166,38.3266,38.51
2007-02-09,38.6666,38.7525,38.0,38.05
2007-02-12,38.1166,38.1166,37.6033,37.79
2007-02-13,37.9833,38.4666,37.9566,38.39
2007-02-14,38.4333,39.2933,37.95,39.2166
2007-02-15,39.25,39.35,39.1233,39.24
2007-02-16,39.0866,39.33,38.9633,39.33
2007-02-20,39.0333,39.5,39.01,39.4333
2007-02-21,39.1933,39.6266,39.0433,39.5433
2007-02-22,39.7266,39.86,39.3633,39.5
2007-02-23,39.4133,39.55,38.9,39.1666
2007-02-26,39.3466,39.41,38.8566,39.15
2007-02-27,37.6666,39.0333,34.5,35.9666
2007-02-28,36.5,37.2733,36.2166,36.5833
2007-03-01,35.69,36.7166,35.18,36.3366
2007-03-02,36.0166,36.79,35.85,35.9866
2007-03-05,35.1833,35.8666,34.52,35.0966
2007-03-06,35.6733,36.7033,35.6733,36.62
2007-03-07,36.35,36.68,36.1866,36.3666
2007-03-08,37.0333,37.8133,36.9166,37.26
2007-03-09,37.5966,37.6,36.96,37.3966
2007-03-12,37.4333,37.8533,37.32,37.5933
2007-03-13,37.2466,37.4966,36.2933,36.3666
2007-03-14,36.45,36.86,35.7733,36.79
2007-03-15,36.5333,37.3366,36.5333,37.09
2007-03-16,37.18,37.3466,36.6333,36.75
2007-03-19,37.2666,37.6333,37.1933,37.6
2007-03-20,37.52,37.8666,37.4066,37.7833
2007-03-21,37.9566,39.11,37.8266,38.96
2007-03-22,39.0433,39.21,38.7066,38.7933
2007-03-23,38.92,39.08,38.7933,39.01
2007-03-26,38.92,39.0666,38.4,38.8766
2007-03-27,38.95,38.95,38.4566,38.7766
2007-03-28,38.3066,38.5,37.93,38.1633
2007-03-29,38.6666,38.93,38.3,38.84
2007-03-30,38.9,39.0666,38.45,38.8333
2007-04-02,38.95,39.22,38.74,39.15
2007-04-03,39.5,39.7866,39.3533,39.7
2007-04-04,39.88,40.0266,39.7133,39.9966
2007-04-05,39.9333,40.2333,39.8333,40.1
2007-04-09,40.28,40.5866,40.17,40.2566
2007-04-10,40.2833,40.5,40.26,40.4466
2007-04-11,40.6133,40.75,39.9666,40.0733
2007-04-12,40.1333,40.77,39.96,40.7433
2007-04-13,40.8333,40.99,40.3333,40.99
2007-04-16,41.1833,41.4633,41.1033,41.45
2007-04-17,41.3866,41.3866,40.9233,41.2066
2007-04-18,40.8333,41.06,40.7433,40.8933
2007-04-19,40.2366,40.62,39.92,40.57
2007-04-20,41.13,41.3166,40.87,41.0533
2007-04-23,41.0366,41.1566,40.7966,40.8366
2007-04-24,40.8833,41.01,40.67,40.8966
2007-04-25,41.1533,41.43,40.9333,41.3466
2007-04-26,41.3366,41.45,41.0866,41.28
2007-04-27,40.8866,41.1133,40.71,41.0866
2007-04-30,40.8133,40.93,40.12,40.28
2007-05-01,40.4133,40.5933,40.1,40.44
2007-05-02,40.63,41.2866,40.5833,41.2433
2007-05-03,41.38,41.66,41.2133,41.61
2007-05-04,41.7033,41.9833,41.52,41.5766
2007-05-07,41.7,41.9966,41.7,41.8466
2007-05-08,41.64,41.64,41.14,41.3033
2007-05-09,41.4,42.0416,41.3533,41.97
2007-05-10,41.7466,41.97,40.85,40.9433
2007-05-11,41.1666,42.15,41.1666,41.9833
2007-05-14,41.9033,42.3333,41.3533,41.5666
2007-05-15,41.5766,42.0066,41.3433,41.6266
2007-05-16,41.86,42.33,41.5366,42.22
2007-05-17,42.0033,42.2333,41.7033,42.05
2007-05-18,42.1766,42.3233,41.97,42.2833
2007-05-21,42.2466,42.5966,42.21,42.34
2007-05-22,42.4433,42.5733,42.3533,42.3666
2007-05-23,42.6666,42.8,42.0133,42.3
2007-05-24,42.2333,42.3666,41.0933,41.2833
2007-05-25,41.7366,42.0,41.6201,41.9166
2007-05-29,42.0833,42.2,41.3333,41.7733
2007-05-30,41.0,42.2,40.94,42.1966
2007-05-31,42.23,42.5,42.0733,42.2666
2007-06-01,42.5833,43.3766,42.5833,43.3766
2007-06-04,43.0033,43.33,42.9166,43.1833
2007-06-05,43.0133,43.14,42.69,43.0333
2007-06-06,42.7333,42.7333,41.95,41.95
2007-06-07,41.9966,42.3133,41.08,41.3033
2007-06-08,41.4166,42.2,41.3766,42.0333
2007-06-11,42.0633,42.65,41.8933,42.3933
2007-06-12,41.9233,42.2733,41.5166,41.68
2007-06-13,41.96,42.6466,41.95,42.49
2007-06-14,42.6566,43.4033,42.6566,43.1566
2007-06-15,43.6666,44.14,43.6666,44.14
2007-06-18,44.22,44.3833,43.9833,44.18
2007-06-19,43.91,44.4166,43.88,44.23
2007-06-20,44.5633,44.6433,43.6666,43.8533
2007-06-21,43.9166,44.49,43.7633,44.4
2007-06-22,44.0666,44.3533,43.6,43.8133
2007-06-25,43.7833,43.96,43.22,43.48
2007-06-26,43.6466,43.7466,43.1,43.1
2007-06-27,42.9666,43.7366,42.7333,43.7
2007-06-28,43.4333,44.0,43.4333,43.7233
2007-06-29,43.9066,44.1666,43.41,43.8833
2007-07-02,44.0,44.7666,44.0,44.7666
2007-07-03,44.8333,45.1233,44.8333,45.1233
2007-07-05,44.87,45.38,44.87,45.3233
2007-07-06,45.5766,46.2866,45.5733,46.1
2007-07-09,46.4266,46.7,46.4,46.5466
2007-07-10,46.0466,46.2066,45.54,45.6266
2007-07-11,45.8733,46.1533,45.5,46.0066
2007-07-12,46.3033,47.2133,46.3033,47.0166
2007-07-13,47.3266,47.6333,47.1633,47.5833
2007-07-16,47.23,47.4,46.91,47.1066
2007-07-17,47.23,47.2666,46.8733,47.0966
2007-07-18,46.5033,46.8466,46.14,46.52
2007-07-19,46.8366,47.3066,46.8333,46.9666
2007-07-20,47.2166,47.3833,46.4,46.66
2007-07-23,47.62,48.0333,47.4633,48.0099
2007-07-24,47.6666,47.7633,46.27,46.3666
2007-07-25,47.07,47.3333,46.0666,46.6333
2007-07-26,45.6766,45.72,43.2566,44.3966
2007-07-27,44.5033,44.8133,43.4333,43.6833
2007-07-30,44.1666,45.49,44.1666,45.1133
2007-07-31,45.7233,45.88,44.19,44.19
2007-08-01,43.64,44.41,43.15,44.0166
2007-08-02,44.0666,44.7666,43.9466,44.5033
2007-08-03,44.4666,44.5,42.2533,42.5833
2007-08-06,43.07,43.6366,42.1833,43.3433
2007-08-07,43.17,44.1366,42.98,43.6666
2007-08-08,44.5466,45.49,44.4966,45.1333
2007-08-09,43.7533,44.2666,42.9533,43.2666
2007-08-10,42.3566,43.6866,41.9633,42.5166
2007-08-13,43.5166,43.7866,42.91,42.9366
2007-08-14,43.1633,43.25,41.6666,41.8266
2007-08-15,41.37,41.81,40.0166,40.1833
2007-08-16,39.3833,39.8966,37.1366,39.5
2007-08-17,41.0,42.2933,39.5466,40.75
2007-08-20,41.2033,41.3566,40.1233,40.8333
2007-08-21,40.6266,41.1666,40.3466,40.6833
2007-08-22,41.3666,42.5333,41.3666,42.4333
2007-08-23,42.83,42.9933,42.0566,42.65
2007-08-24,42.6633,43.76,42.5333,43.6666
2007-08-27,43.6233,44.6,43.49,43.8666
2007-08-28,43.3466,43.5033,41.8766,42.0833
2007-08-29,42.8633,43.9633,42.6833,43.75
2007-08-30,43.2666,44.14,43.0666,43.5266
2007-08-31,44.6666,45.4,44.33,44.65
2007-09-04,44.2166,45.7266,44.2166,45.4033
2007-09-05,45.02,45.02,44.2566,44.7166
2007-09-06,44.97,45.29,44.6366,45.0666
2007-09-07,44.2433,44.4266,43.6833,44.05
2007-09-10,44.6666,44.6866,43.42,44.0833
2007-09-11,44.6033,45.15,44.5466,44.9733
2007-09-12,44.7433,45.33,44.5166,45.1333
2007-09-13,45.4366,45.9633,45.2966,45.6333
2007-09-14,45.4166,45.8733,45.19,45.7233
2007-09-17,45.3733,45.5266,44.9066,45.4333
2007-09-18,45.5666,47.7166,45.3666,47.6333
2007-09-19,47.7666,48.6266,47.6933,47.85
2007-09-20,47.97,48.2766,47.4166,47.7
2007-09-21,48.2566,48.4799,48.1733,48.3333
2007-09-24,49.3333,49.3333,48.6666,48.9333
2007-09-25,48.5333,48.9499,48.2233,48.7499
2007-09-26,49.3999,49.5489,49.0433,49.3999
2007-09-27,50.1633,50.6666,49.6433,50.1333
2007-09-28,50.2499,50.3966,49.4566,49.8166
2007-10-01,50.2899,51.5883,50.0566,51.3833
2007-10-02,51.8699,52.3299,51.2233,51.7333
2007-10-03,51.5799,51.7533,50.1666,50.1666
2007-10-04,50.3666,50.8233,49.8099,50.6666
2007-10-05,51.2166,52.5899,51.1666,52.3566
2007-10-08,51.6633,51.9499,51.4366,51.7999
2007-10-09,52.1799,52.6466,51.9666,52.6066
2007-10-10,52.4433,52.8566,52.1533,52.6766
2007-10-11,53.3399,53.5999,51.1433,52.2133
2007-10-12,52.4566,53.1666,52.2866,53.1666
2007-10-15,53.2566,53.3833,51.8366,52.5166
2007-10-16,52.1633,52.1899,51.1833,51.5433
2007-10-17,52.7333,52.9699,51.6999,52.7333
2007-10-18,51.8333,53.1166,51.7599,52.9999
2007-10-19,52.5366,52.6599,50.0633,50.7333
2007-10-22,50.2333,51.1033,49.6633,51.0999
2007-10-23,51.7533,52.7133,51.5033,52.5166
2007-10-24,52.0366,52.3433,50.4866,52.1733
2007-10-25,52.8633,52.9833,51.9166,52.8366
2007-10-26,54.0166,54.5699,53.4999,54.3333
2007-10-29,55.2333,55.6899,54.9399,55.5833
2007-10-30,54.7666,54.8999,54.3499,54.5333
2007-10-31,55.0033,55.8266,54.3333,55.7299
2007-11-01,54.1866,54.5566,53.2899,53.4799
2007-11-02,53.8333,54.3099,52.8199,53.7833
2007-11-05,52.3666,52.6299,51.5433,51.9133
2007-11-06,53.4266,54.0899,52.6699,53.8833
2007-11-07,53.0933,53.5533,51.9066,52.1666
2007-11-08,52.4066,52.9666,50.6299,52.4333
2007-11-09,51.4866,52.1999,50.8033,51.1999
2007-11-12,50.4833,50.7966,48.3399,48.3666
2007-11-13,50.2999,51.9733,50.0899,51.7833
2007-11-14,52.7699,53.0999,51.4599,51.8333
2007-11-15,51.2399,51.7733,50.1299,50.6399
2007-11-16,50.8133,51.3599,50.0499,51.2666
2007-11-19,50.3033,50.4033,48.4666,48.9033
2007-11-20,49.4966,50.7299,48.9933,50.2466
2007-11-21,48.5699,48.7633,47.4066,47.7166
2007-11-23,48.5833,49.7333,48.5833,49.1266
2007-11-26,49.3399,49.8199,47.1766,47.1766
2007-11-27,47.9166,49.1966,47.6433,48.9833
2007-11-28,49.5233,51.6666,49.4999,51.6666
2007-11-29,51.0499,51.7499,50.6599,51.0333
2007-11-30,52.4266,52.5666,51.0566,51.4666
2007-12-03,51.3699,51.6466,50.8999,51.0199
2007-12-04,50.8033,51.4966,50.7366,50.8866
2007-12-05,52.0999,53.1499,52.0999,53.1466
2007-12-06,52.8666,54.0499,52.6666,53.9833
2007-12-07,53.7333,53.7999,53.0899,53.3433
2007-12-10,53.3333,53.5766,53.0966,53.3599
2007-12-11,53.5933,53.7399,50.8999,51.0999
2007-12-12,53.4333,53.8799,51.4866,52.6333
2007-12-13,51.1666,51.5933,50.4833,51.1866
2007-12-14,50.1333,50.7903,49.9366,49.9666
2007-12-17,49.1199,49.2033,47.8133,47.8366
2007-12-18,49.3499,49.3866,47.91,49.1499
2007-12-19,49.3266,49.7733,49.0033,49.4699
2007-12-20,49.7066,49.8599,49.0866,49.7399
2007-12-21,50.4666,51.2399,50.3666,51.2399
2007-12-24,50.6899,51.4533,50.6266,51.4466
2007-12-26,51.0499,51.8266,50.9499,51.7133
2007-12-27,51.2466,51.3433,50.3966,50.5199
2007-12-28,51.0366,51.1799,50.3299,50.7099
2007-12-31,50.8499,50.9633,50.0033,50.0999
2008-01-02,50.4399,50.7533,48.9699,49.2733
2008-01-03,49.8666,50.0566,49.4866,49.7166
2008-01-04,49.2599,49.3499,47.7566,48.2233
2008-01-07,48.6233,48.9333,47.81,48.5766
2008-01-08,49.1399,49.6566,48.0699,48.1999
2008-01-09,48.9033,49.7799,48.1999,49.7799
2008-01-10,48.9733,50.6499,48.7399,50.3666
2008-01-11,49.2999,49.8833,48.6633,48.9499
2008-01-14,49.6799,49.9166,49.2333,49.6699
2008-01-15,48.6999,48.8899,47.2666,47.4233
2008-01-16,46.7166,46.92,44.7266,45.45
2008-01-17,46.1666,46.4933,43.93,44.1266
2008-01-18,45.4866,45.7533,44.0566,45.1333
2008-01-22,42.31,45.0333,41.8333,44.0
2008-01-23,42.04,44.43,40.6766,44.28
2008-01-24,44.2,45.4466,44.1066,45.14
2008-01-25,45.9933,46.2733,44.27,44.4533
2008-01-28,44.3666,45.5533,42.3333,45.5533
2008-01-29,45.44,45.5366,44.6933,45.33
2008-01-30,44.65,46.36,44.38,44.7333
2008-01-31,43.88,45.9333,43.7033,45.63
2008-02-01,45.8666,46.6966,45.6666,46.54
2008-02-04,46.88,47.0,46.4066,46.6833
2008-02-05,45.65,45.75,43.7333,44.17
2008-02-06,44.5,45.0366,43.3033,43.4466
2008-02-07,43.3,44.61,42.87,44.1833
2008-02-08,43.6333,44.41,43.4766,44.1
2008-02-11,43.94,44.6633,43.4233,44.6466
2008-02-12,45.0866,46.1366,44.98,45.3666
2008-02-13,45.85,46.52,45.3333,46.3866
2008-02-14,46.8033,46.9466,45.7466,45.79
2008-02-15,45.9366,46.1466,45.3933,46.1166
2008-02-19,47.3266,47.37,46.4433,46.72
2008-02-20,45.9833,47.2866,45.77,47.11
2008-02-21,47.4166,47.52,46.28,46.45
2008-02-22,46.9233,47.15,45.88,47.0733
2008-02-25,46.9833,48.0133,46.6433,47.95
2008-02-26,47.5933,48.7666,47.43,48.5833
2008-02-27,48.2166,49.2833,48.1033,48.9933
2008-02-28,48.4866,48.8766,48.2233,48.4666
2008-02-29,47.9333,47.95,46.4566,46.54
2008-03-03,46.5433,47.1133,46.0,46.7933
2008-03-04,46.01,46.44,44.8533,45.7066
2008-03-05,46.24,46.8666,45.91,46.6666
2008-03-06,46.4,46.55,45.01,45.0666
2008-03-07,44.6466,45.51,44.15,44.4433
2008-03-10,44.76,44.76,43.24,43.6633
2008-03-11,45.52,46.6333,44.7833,46.6
2008-03-12,46.1,46.6666,45.6066,45.7366
2008-03-13,44.4366,45.7766,44.0833,45.32
2008-03-14,45.3033,45.4166,43.3666,43.7133
2008-03-17,42.0866,43.0066,41.62,42.6333
2008-03-18,43.5166,44.93,43.42,44.85
2008-03-19,44.35,44.6333,42.1,42.1555
2008-03-20,42.1233,42.9833,41.5933,42.8667
2008-03-24,43.46,44.8466,43.2366,44.51
2008-03-25,44.5533,45.27,44.55,45.1933
2008-03-26,44.9633,45.0266,44.3966,44.8266
2008-03-27,45.2633,45.29,44.5433,44.61
2008-03-28,45.0033,45.0833,44.3633,44.53
2008-03-31,44.6166,44.84,44.3966,44.7933
2008-04-01,45.2966,46.55,45.1933,46.5133
2008-04-02,46.5133,46.8933,46.0,46.55
2008-04-03,46.3833,47.4133,46.25,47.1133
2008-04-04,46.8733,47.5433,46.5766,46.9233
2008-04-07,47.7433,48.1833,47.2566,47.5466
2008-04-08,47.15,47.53,46.96,47.2853
2008-04-09,47.1266,47.2933,46.3533,46.55
2008-04-10,46.8966,47.42,46.4766,47.2166
2008-04-11,46.7433,46.9966,46.2266,46.4466
2008-04-14,46.2566,46.7266,46.0033,46.3366
2008-04-15,46.8533,46.9766,46.45,46.88
2008-04-16,47.44,48.5333,47.4333,48.2666
2008-04-17,47.8066,48.1233,47.55,47.9166
2008-04-18,48.5799,48.8999,48.2066,48.6386
2008-04-21,48.4099,48.9566,47.3333,48.8866
2008-04-22,48.7233,48.8033,48.0733,48.4333
2008-04-23,48.9399,49.1599,48.5333,49.1299
2008-04-24,48.9699,49.1499,48.1066,48.4999
2008-04-25,48.8999,48.9433,48.1499,48.8566
2008-04-28,49.0166,49.1466,48.6799,48.7633
2008-04-29,48.6333,48.6333,47.8533,47.9
2008-04-30,48.1999,49.0399,48.0599,48.8866
2008-05-01,48.8666,49.5066,48.5799,49.4066
2008-05-02,50.0266,50.0899,49.4999,49.8799
2008-05-05,49.8333,50.0599,49.5733,49.8433
2008-05-06,49.6633,50.5166,49.4333,50.3999
2008-05-07,49.9933,50.1166,48.8033,48.8999
2008-05-08,49.1433,49.5966,49.0399,49.4033
2008-05-09,48.9566,49.1633,48.7066,48.9999
2008-05-12,49.0733,49.6499,48.7133,49.6299
2008-05-13,49.7499,49.9699,49.4166,49.8666
2008-05-14,50.2499,50.4899,49.8899,49.9866
2008-05-15,50.2799,51.0799,50.1299,51.0499
2008-05-16,51.3166,51.7333,51.1299,51.6999
2008-05-19,51.7199,52.4866,51.5966,51.7099
2008-05-20,50.9799,50.9999,50.5233,50.8133
2008-05-21,51.0299,51.3899,50.1199,50.2966
2008-05-22,50.5633,50.6433,50.1133,50.4433
2008-05-23,50.0066,50.1166,49.3499,49.5633
2008-05-27,49.4066,49.6133,48.9799,49.4833
2008-05-28,49.6366,50.1499,49.1833,50.1499
2008-05-29,50.1966,50.8333,49.9766,50.2599
2008-05-30,50.5566,50.8399,50.3666,50.4333
2008-06-02,50.3933,50.3933,49.5199,49.8333
2008-06-03,49.8499,49.9266,48.7366,48.9333
2008-06-04,48.6633,49.1049,48.4166,48.5066
2008-06-05,48.9266,50.0499,48.7833,50.0499
2008-06-06,49.3499,49.4499,48.2366,48.2366
2008-06-09,48.4033,48.6033,47.5333,48.1133
2008-06-10,47.3933,47.4166,46.9066,47.0033
2008-06-11,47.1666,47.29,46.2666,46.3
2008-06-12,46.65,47.2533,46.3566,46.57
2008-06-13,46.6,47.23,46.35,47.0733
2008-06-16,47.0333,47.4066,46.9166,47.2333
2008-06-17,47.73,47.86,47.4,47.4333
2008-06-18,47.3566,47.5633,46.7333,47.2033
2008-06-19,46.9833,47.4266,46.8133,47.2766
2008-06-20,46.5133,46.6233,45.6433,45.7333
2008-06-23,45.9166,46.07,45.67,45.8666
2008-06-24,45.62,46.1833,45.2433,45.6633
2008-06-25,45.4533,46.43,45.4533,46.05
2008-06-26,45.3,45.4233,44.4333,44.47
2008-06-27,44.6766,45.1233,44.4333,44.9
2008-06-30,45.2166,45.3933,44.9633,45.24
2008-07-01,44.2166,44.61,43.6066,44.4333
2008-07-02,44.6366,44.7733,43.06,43.1666
2008-07-03,43.6033,43.6033,42.64,43.0433
2008-07-07,43.4,43.8533,42.5,42.89
2008-07-08,42.82,43.45,42.2633,43.4166
2008-07-09,43.6,43.9533,42.4266,42.54
2008-07-10,43.0633,43.5233,42.5966,43.31
2008-07-11,42.9733,43.65,42.5833,43.02
2008-07-14,43.62,43.8466,41.7333,42.9666
2008-07-15,42.3066,43.0133,41.5233,42.25
2008-07-16,42.2466,43.5833,42.0233,43.47
2008-07-17,43.71,44.0733,43.3566,43.6733
2008-07-18,43.31,43.6766,43.1433,43.2966
2008-07-21,43.5633,43.9666,43.4933,43.8333
2008-07-22,43.2933,43.8666,43.0133,43.86
2008-07-23,44.08,44.3533,43.77,43.9233
2008-07-24,43.66,44.0,41.58,42.3
2008-07-25,42.65,42.75,42.235,42.59
2008-07-28,42.64,42.74,41.75,41.87
2008-07-29,41.99,44.19,41.76,44.19
2008-07-30,43.47,44.4,42.02,43.73
2008-07-31,42.84,43.69,42.65,42.75
2008-08-01,43.2,43.2,42.16,42.46
2008-08-04,41.95,42.08,40.96,41.16
2008-08-05,41.2,41.79,41.01,41.69
2008-08-06,41.6,42.52,41.55,42.52
2008-08-07,41.72,41.8,40.94,41.06
2008-08-08,40.57,41.29,40.41,41.16
2008-08-11,40.91,41.14,40.58,40.73
2008-08-12,40.42,40.71,39.99,40.39
2008-08-13,40.04,40.52,39.64,40.38
2008-08-14,40.36,41.07,40.35,40.91
2008-08-15,40.74,40.95,40.2,40.27
2008-08-18,40.45,40.5,39.26,39.59
2008-08-19,39.13,39.39,38.73,39.2572
2008-08-20,39.79,40.29,39.66,40.26
2008-08-21,39.74,40.44,39.67,40.2
2008-08-22,40.44,40.46,39.67,40.17
2008-08-25,40.04,40.1,39.31,39.34
2008-08-26,39.46,39.66,39.2,39.41
2008-08-27,39.74,40.35,39.63,40.25
2008-08-28,40.33,40.61,40.23,40.53
2008-08-29,40.45,40.48,39.85,40.05
2008-09-02,39.37,39.71,38.76,38.84
2008-09-03,38.76,38.76,37.91,38.2
2008-09-04,37.77,37.91,36.4,36.44
2008-09-05,36.41,37.03,35.95,36.96
2008-09-08,38.58,38.75,36.87,37.42
2008-09-09,36.7,36.88,34.75,35.32
2008-09-10,35.93,36.21,35.23,35.8875
2008-09-11,34.67,35.45,34.35,35.36
2008-09-12,35.25,36.99,35.04,36.54
2008-09-15,34.35,35.26,33.55,33.67
2008-09-16,32.19,34.25,31.95,33.96
2008-09-17,32.88,33.24,31.38,31.55
2008-09-18,32.7,34.8,31.21,34.21
2008-09-19,38.77,39.75,36.05,38.47
2008-09-22,37.75,37.75,35.88,35.96
2008-09-23,35.63,36.31,34.38,34.84
2008-09-24,35.45,35.74,34.78,35.24
2008-09-25,35.72,37.5,35.5,37.05
2008-09-26,35.1,36.07,34.0,35.79
2008-09-29,34.13,34.33,30.88,31.61
2008-09-30,33.23,34.53,32.75,34.17
2008-10-01,33.81,34.58,33.1,34.58
2008-10-02,33.27,33.28,31.46,31.55
2008-10-03,31.93,33.08,30.65,30.72
2008-10-06,28.48,28.88,26.5147,28.41
2008-10-07,28.87,29.11,26.2,26.2
2008-10-08,25.6,27.38,25.15,26.2
2008-10-09,26.89,27.3,24.16,24.27
2008-10-10,23.17,25.99,22.24,24.55
2008-10-13,26.75,30.37,26.18,30.14
2008-10-14,30.1,31.25,27.81,28.64
2008-10-15,26.85,26.95,23.91,24.01
2008-10-16,24.6,25.19,22.55,25.19
2008-10-17,23.9,25.9,23.58,24.4
2008-10-20,25.16,26.21,24.79,26.11
2008-10-21,25.0,25.35,24.03,24.03
2008-10-22,22.95,23.11,21.14,21.5
2008-10-23,21.4,22.53,20.66,22.1
2008-10-24,19.38,20.81,19.19,19.82
2008-10-27,19.31,20.44,19.16,19.3
2008-10-28,20.64,24.24,20.1,24.24
2008-10-29,22.22,24.01,21.77,22.6
2008-10-30,24.5,25.75,24.37,25.65
2008-10-31,25.02,25.95,24.75,25.43
2008-11-03,25.64,25.76,25.09,25.2
2008-11-04,26.42,27.63,26.15,27.5
2008-11-05,26.15,26.38,23.8,24.0
2008-11-06,23.94,24.18,22.33,22.79
2008-11-07,23.85,24.68,23.41,24.64
2008-11-10,25.71,25.71,24.18,24.87
2008-11-11,24.03,24.28,22.91,23.32
2008-11-12,22.82,22.84,21.34,21.59
2008-11-13,21.96,24.73,20.89,24.58
2008-11-14,23.2,23.66,22.15,22.22
2008-11-17,22.04,22.79,21.69,21.85
2008-11-18,21.57,21.97,20.68,21.53
2008-11-19,21.13,21.36,19.61,19.67
2008-11-20,19.49,20.07,18.22,18.26
2008-11-21,20.04,20.99,18.98,20.89
2008-11-24,20.8,22.65,20.78,22.16
2008-11-25,22.55,22.6,21.24,21.74
2008-11-26,21.61,23.44,21.57,23.4
2008-11-28,22.84,23.08,22.73,22.95
2008-12-01,22.15,22.2,20.69,20.74
2008-12-02,21.64,22.13,21.14,22.05
2008-12-03,21.26,22.37,21.15,22.23
2008-12-04,21.62,22.2,21.02,21.28
2008-12-05,21.13,22.55,20.88,22.54
2008-12-08,23.42,24.21,23.38,23.98
2008-12-09,23.67,24.29,23.28,23.65
2008-12-10,24.37,25.12,24.33,25.06
2008-12-11,24.85,25.58,24.33,24.42
2008-12-12,23.87,24.97,23.6975,24.76
2008-12-15,24.87,24.91,24.12,24.43
2008-12-16,24.81,26.46,24.7,26.38
2008-12-17,25.71,26.33,25.62,25.92
2008-12-18,26.08,26.17,25.22,25.35
2008-12-19,25.69,26.0,25.19,25.44
2008-12-22,25.25,25.32,24.18,24.49
2008-12-23,24.18,24.33,23.8,23.95
2008-12-24,24.15,24.3,23.67,24.12
2008-12-26,24.15,24.22,23.73,24.04
2008-12-29,24.34,24.4,23.79,24.0
2008-12-30,24.21,24.71,24.16,24.64
2008-12-31,24.45,25.07,24.33,24.97
2009-01-02,25.2,26.37,25.13,26.16
2009-01-05,26.0,26.76,25.94,26.5
2009-01-06,26.89,27.28,26.7,27.1
2009-01-07,26.34,26.36,25.44,25.54
2009-01-08,25.09,25.49,24.9,25.43
2009-01-09,25.24,25.34,24.63,24.88
2009-01-12,24.6,24.62,23.66,23.83
2009-01-13,23.69,24.23,23.57,23.9
2009-01-14,23.37,23.38,22.53,22.74
2009-01-15,22.76,23.28,21.92,23.0
2009-01-16,23.66,23.68,22.53,23.25
2009-01-20,22.53,22.6,21.49,21.52
2009-01-21,22.09,22.8,21.54,22.69
2009-01-22,21.94,22.36,21.4628,21.94
2009-01-23,21.13,22.43,21.09,22.22
2009-01-26,22.45,23.0833,22.21,22.48
2009-01-27,22.75,23.06,22.55,22.88
2009-01-28,23.6,24.18,23.48,24.04
2009-01-29,23.27,23.36,22.81,22.82
2009-01-30,23.08,23.32,22.47,22.65
2009-02-02,22.2,22.62,22.1,22.42
2009-02-03,22.65,23.16,22.39,23.09
2009-02-04,23.32,23.79,23.06,23.26
2009-02-05,23.11,24.02,22.89,23.75
2009-02-06,24.11,25.04,24.02,24.94
2009-02-09,24.9,25.11,24.6,24.81
2009-02-10,24.62,24.85,23.31,23.31
2009-02-11,23.9,24.17,23.425,24.01
2009-02-12,23.27,23.91,23.06,23.86
2009-02-13,23.96,24.14,23.6595,23.98
2009-02-17,22.59,22.71,22.08,22.45
2009-02-18,22.47,22.7,21.88,22.29
2009-02-19,22.76,22.78,22.03,22.08
2009-02-20,21.4,21.95,21.2,21.52
2009-02-23,22.13,22.18,20.95,20.99
2009-02-24,21.19,22.2,21.05,22.14
2009-02-25,21.98,22.215,21.395,21.76
2009-02-26,22.04,22.3,21.54,21.57
2009-02-27,21.01,21.9489,21.0,21.23
2009-03-02,20.62,20.76,19.86,19.94
2009-03-03,20.45,20.61,19.89,20.22
2009-03-04,21.25,21.9514,21.06,21.64
2009-03-05,20.89,21.21,20.63,20.75
2009-03-06,21.18,21.46,20.55,21.1
2009-03-09,20.82,21.32,20.63,20.69
2009-03-10,21.58,22.39,21.51,22.37
2009-03-11,22.54,22.7,22.03,22.37
2009-03-12,22.28,23.28,22.19,23.23
2009-03-13,23.41,23.49,22.8667,23.36
2009-03-16,23.73,24.0,23.35,23.38
2009-03-17,23.32,23.89,23.15,23.89
2009-03-18,23.64,24.51,23.28,24.39
2009-03-19,24.67,24.74,24.12,24.23
2009-03-20,24.16,24.36,23.82,23.9
2009-03-23,24.96,26.15,24.91,26.11
2009-03-24,25.43,25.8,25.22,25.3
2009-03-25,25.53,26.13,25.17,25.68
2009-03-26,26.26,26.48,25.98,26.38
2009-03-27,25.81,25.84,25.425,25.6
2009-03-30,24.53,24.54,24.07,24.28
2009-03-31,24.97,25.2,24.67,24.81
2009-04-01,24.8,25.71,24.72,25.63
2009-04-02,26.59,27.41,26.558,27.02
2009-04-03,26.84,27.42,26.74,27.35
2009-04-06,27.06,27.11,26.56,27.01
2009-04-07,26.54,26.7225,26.34,26.39
2009-04-08,26.6,27.0,26.41,26.78
2009-04-09,27.68,27.97,27.63,27.95
2009-04-13,27.88,28.255,27.64,28.12
2009-04-14,27.95,28.22,27.61,27.67
2009-04-15,27.75,28.08,27.58,28.07
2009-04-16,28.22,28.5,27.87,28.31
2009-04-17,28.26,28.34,27.97,28.11
2009-04-20,27.39,27.4,26.71,26.74
2009-04-21,26.67,27.38,26.49,27.31
2009-04-22,26.9,27.6,26.85,27.08
2009-04-23,27.46,27.56,27.1,27.5
2009-04-24,27.93,28.165,27.76,28.02
2009-04-27,27.2,27.5,26.91,27.08
2009-04-28,26.52,27.24,26.5,26.99
2009-04-29,27.74,28.66,27.65,28.41
2009-04-30,28.95,29.03,28.43,28.67
2009-05-01,28.71,29.31,28.58,29.09
2009-05-04,29.95,32.05,29.85,31.1
2009-05-05,30.86,30.89,30.47,30.82
2009-05-06,31.27,31.6,30.89,31.349
2009-05-07,31.79,31.81,30.33,30.57
2009-05-08,31.28,31.69,30.93,31.59
2009-05-11,31.0,31.16,30.65,30.85
2009-05-12,31.35,31.42,30.67,31.07
2009-05-13,30.36,30.44,29.83,29.93
2009-05-14,29.81,30.55,29.78,30.36
2009-05-15,30.38,30.63,29.85,30.08
2009-05-18,31.09,31.86,31.0,31.75
2009-05-19,31.87,32.45,31.74,32.11
2009-05-20,32.49,32.91,32.09,32.21
2009-05-21,31.61,31.79,31.23,31.61
2009-05-22,31.69,32.08,31.58,31.75
2009-05-26,31.25,32.2,30.97,32.13
2009-05-27,32.49,32.63,31.74,31.76
2009-05-28,32.29,32.825,32.02,32.74
2009-05-29,33.27,33.41,32.88,33.24
2009-06-01,34.26,34.89,34.1,34.64
2009-06-02,34.23,34.46,33.9583,34.14
2009-06-03,33.63,33.75,32.49,32.93
2009-06-04,33.18,33.65,30.78,33.54
2009-06-05,34.16,34.17,33.13,33.61
2009-06-08,32.88,33.37,32.595,33.09
2009-06-09,33.3,33.35,32.6914,33.15
2009-06-10,33.91,33.95,33.1,33.568
2009-06-11,33.73,34.6,33.69,34.29
2009-06-12,33.82,33.87,33.4,33.74
2009-06-15,33.08,33.1,32.18,32.53
2009-06-16,32.7,32.88,31.92,32.04
2009-06-17,31.79,32.01,31.33,31.68
2009-06-18,31.55,31.88,31.35,31.59
2009-06-19,32.02,32.07,31.67,31.75
2009-06-22,31.31,31.39,30.58,30.6
2009-06-23,30.56,30.65,30.12,30.55
2009-06-24,31.36,31.69,31.0,31.22
2009-06-25,31.02,32.15,31.01,32.15
2009-06-26,32.16,32.48,32.06,32.32
2009-06-29,32.61,32.66,32.23,32.56
2009-06-30,32.53,32.67,32.0,32.23
2009-07-01,32.92,33.2,32.74,32.82
2009-07-02,32.26,32.28,31.87,31.92
2009-07-06,31.47,31.9,31.22,31.85
2009-07-07,31.8,31.87,31.08,31.1
2009-07-08,31.22,31.31,30.25,30.74
2009-07-09,31.39,31.55,31.06,31.291
2009-07-10,30.87,31.06,30.58,30.92
2009-07-13,30.73,31.3,30.295,31.14
2009-07-14,31.52,31.64,31.17,31.48
2009-07-15,32.42,33.2105,32.37,33.17
2009-07-16,32.98,33.46,32.72,33.23
2009-07-17,33.33,33.65,33.14,33.57
2009-07-20,34.39,34.77,34.29,34.77
2009-07-21,34.95,34.97,34.13,34.665
2009-07-22,34.18,34.89,34.16,34.59
2009-07-23,34.84,35.78,34.77,35.57
2009-07-24,35.2,35.43,34.93,35.4
2009-07-27,35.55,35.75,35.19,35.71
2009-07-28,35.4,35.645,35.04,35.55
2009-07-29,35.11,35.13,34.53,34.75
2009-07-30,35.73,36.02,35.57,35.61
2009-07-31,35.84,36.05,35.52,35.78
2009-08-03,36.74,37.19,36.57,37.12
2009-08-04,36.55,36.99,36.48,36.78
2009-08-05,36.48,36.62,35.92,36.47
2009-08-06,36.66,36.71,35.79,36.17
2009-08-07,36.51,36.75,36.19,36.53
2009-08-10,36.22,36.33,35.81,36.12
2009-08-11,35.82,35.84,35.2168,35.44
2009-08-12,35.31,36.0,35.29,35.76
2009-08-13,36.36,36.39,35.81,36.38
2009-08-14,36.33,36.37,35.55,35.72
2009-08-17,34.47,34.545,34.13,34.32
2009-08-18,34.77,35.09,34.67,35.07
2009-08-19,34.38,35.2501,34.28,35.16
2009-08-20,35.26,35.835,35.18,35.77
2009-08-21,36.11,36.43,35.97,36.31
2009-08-24,36.71,36.91,36.33,36.47
2009-08-25,36.73,37.0,36.37,36.39
2009-08-26,36.21,36.38,35.99,36.28
2009-08-27,36.05,36.28,35.53,36.21
2009-08-28,36.42,36.48,35.82,36.02
2009-08-31,35.41,35.44,35.19,35.31
2009-09-01,35.4,35.87,34.61,34.64
2009-09-02,34.69,35.1604,34.64,35.01
2009-09-03,35.52,35.74,35.19,35.71
2009-09-04,35.97,36.44,35.67,36.4
2009-09-08,37.03,37.21,36.97,37.15
2009-09-09,37.3,37.59,37.11,37.35
2009-09-10,37.37,37.87,35.5315,37.84
2009-09-11,37.98,38.17,37.61,37.86
2009-09-14,37.31,37.8,37.26,37.72
2009-09-15,37.78,38.2,37.65,38.17
2009-09-16,38.73,42.0,38.53,39.13
2009-09-17,39.03,39.35,38.74,38.92
2009-09-18,39.11,39.15,38.84,39.03
2009-09-21,38.51,38.77,38.15,38.69
2009-09-22,39.21,39.36,38.95,39.28
2009-09-23,39.21,39.51,38.69,38.69
2009-09-24,38.83,38.9,37.7,37.93
2009-09-25,37.93,38.28,37.85,38.09
2009-09-28,38.19,38.83,38.12,38.58
2009-09-29,38.78,38.9,38.414,38.669
2009-09-30,38.97,39.32,38.4,38.91
2009-10-01,38.81,38.87,37.785,37.85
2009-10-02,37.38,37.98,37.3,37.86
2009-10-05,38.21,38.85,38.01,38.74
2009-10-06,39.14,39.775,39.06,39.38
2009-10-07,39.26,39.41,38.98,39.34
2009-10-08,39.68,39.96,39.41,39.82
2009-10-09,39.8,39.96,39.675,39.85
2009-10-12,40.12,40.38,39.985,40.18
2009-10-13,40.1,40.33,39.75,40.25
2009-10-14,41.08,41.55,40.95,41.55
2009-10-15,41.11,41.42,41.02,41.32
2009-10-16,40.69,40.92,40.35,40.75
2009-10-19,41.09,41.6,40.91,41.53
2009-10-20,41.31,41.32,40.57,40.98
2009-10-21,40.79,41.55,40.74,40.76
2009-10-22,40.7,41.24,40.3,41.1
2009-10-23,41.36,41.43,40.55,40.76
2009-10-26,41.1,41.43,40.16,40.25
2009-10-27,40.26,40.32,39.55,39.55
2009-10-28,39.14,39.14,37.65,37.74
2009-10-29,38.4,39.52,38.4,39.41
2009-10-30,39.07,39.1,37.32,37.57
2009-11-02,38.13,38.69,37.48,38.13
2009-11-03,37.44,38.32,37.4,38.19
2009-11-04,39.04,39.401,38.63,38.9
2009-11-05,39.18,39.71,38.99,39.7
2009-11-06,39.31,39.87,39.21,39.65
2009-11-09,40.37,41.16,40.36,41.11
2009-11-10,40.67,41.13,40.61,40.92
2009-11-11,41.49,41.63,40.98,41.27
2009-11-12,40.97,41.18,40.28,40.35
2009-11-13,40.61,41.17,40.43,41.04
2009-11-16,41.63,42.24,41.61,42.07
2009-11-17,41.65,41.92,41.37,41.92
2009-11-18,41.9,41.97,41.46,41.59
2009-11-19,41.14,41.14,40.45,40.82
2009-11-20,40.6,40.82,40.39,40.65
2009-11-23,41.55,41.86,41.32,41.5
2009-11-24,41.2,41.31,40.79,41.27
2009-11-25,41.48,41.79,41.24,41.75
2009-11-27,39.77,40.65,39.29,40.13
2009-11-30,40.46,40.62,40.07,40.52
2009-12-01,41.34,41.83,41.3,41.68
2009-12-02,41.72,42.16,41.68,41.85
2009-12-03,42.09,42.31,41.39,41.46
2009-12-04,42.27,42.52,41.3,41.84
2009-12-07,41.57,41.91,41.45,41.48
2009-12-08,41.07,41.09,40.6,40.71
2009-12-09,40.77,41.0,40.51,40.96
2009-12-10,41.17,41.35,40.92,41.2
2009-12-11,41.4,41.44,41.09,41.35
2009-12-14,41.55,41.7,41.38,41.63
2009-12-15,41.18,41.57,41.15,41.2
2009-12-16,41.51,41.8357,41.3,41.44
2009-12-17,40.7,40.77,40.24,40.25
2009-12-18,40.39,40.5,40.0,40.36
2009-12-21,40.48,40.73,40.265,40.31
2009-12-22,40.15,40.39,40.09,40.39
2009-12-23,40.67,40.9565,40.4,40.79
2009-12-24,41.13,41.23,41.0,41.2
2009-12-28,41.47,41.51,41.15,41.34
2009-12-29,41.42,41.44,41.12,41.18
2009-12-30,41.23,41.37,41.13,41.36
2009-12-31,41.63,41.76,41.39,41.5
2010-01-04,42.18,42.74,42.16,42.71
2010-01-05,42.91,43.17,42.76,43.02
2010-01-06,43.08,43.295,43.01,43.11
2010-01-07,42.85,42.98,42.62,42.86
2010-01-08,42.88,43.22,42.74,43.2
2010-01-11,43.45,43.47,42.9,43.11
2010-01-12,42.61,42.7,42.2,42.42
2010-01-13,42.59,42.7,42.15,42.55
2010-01-14,42.52,42.62,42.37,42.44
2010-01-15,42.32,42.3796,41.83,41.9493
2010-01-19,42.08,42.8,42.07,42.8
2010-01-20,42.11,42.11,41.43,41.77
2010-01-21,41.55,41.68,40.48,40.5075
2010-01-22,40.2199,40.35,39.53,39.61
2010-01-25,40.13,40.32,39.665,39.9
2010-01-26,39.13,39.6,35.81,39.07
2010-01-27,38.79,39.1167,38.38,38.97
2010-01-28,39.32,39.48,38.36,38.7
2010-01-29,39.15,39.26,38.08,38.28
2010-02-01,38.64,39.35,38.61,39.31
2010-02-02,39.39,39.71,39.02,39.63
2010-02-03,39.64,39.8201,39.27,39.4
2010-02-04,38.75,38.8,37.6,37.62
2010-02-05,37.29,37.4,36.18,37.2
2010-02-08,37.18,37.48,36.82,36.83
2010-02-09,37.73,38.37,37.43,38.03
2010-02-10,38.04,38.285,37.51,37.93
2010-02-11,38.19,38.97,37.87,38.93
2010-02-12,38.14,38.58,37.87,38.44
2010-02-16,39.02,39.46,38.75,39.43
2010-02-17,39.73,39.76,39.325,39.57
2010-02-18,39.26,39.86,39.2,39.72
2010-02-19,39.27,39.63,39.16,39.38
2010-02-22,39.62,39.64,39.3,39.43
2010-02-23,39.21,39.43,38.49,38.52
2010-02-24,38.775,39.07,38.55,38.89
2010-02-25,37.97,38.64,37.76,38.57
2010-02-26,38.61,39.04,38.37,38.96
2010-03-01,39.43,39.73,39.33,39.62
2010-03-02,40.02,40.3,39.85,40.066
2010-03-03,40.28,40.62,39.97,40.12
2010-03-04,40.15,40.2,39.66,39.91
2010-03-05,40.46,40.95,40.31,40.95
2010-03-08,41.04,41.19,40.92,40.98
2010-03-09,40.8,41.4,40.79,41.21
2010-03-10,41.3,41.67,41.21,41.5
2010-03-11,41.26,41.55,41.04,41.51
2010-03-12,41.7,41.71,41.25,41.37
2010-03-15,41.13,41.24,40.8105,41.07
2010-03-16,41.21,41.62,41.05,41.6
2010-03-17,42.01,42.2525,41.87,42.05
2010-03-18,41.97,42.03,41.53,41.73
2010-03-19,41.8,41.87,41.13,41.19
2010-03-22,40.77,41.38,40.67,41.34
2010-03-23,41.39,41.6607,41.2,41.63
2010-03-24,41.19,41.36,41.01,41.01
2010-03-25,41.35,41.5,40.82,40.9
2010-03-26,41.24,41.388,40.75,41.1
2010-03-29,41.53,41.86,41.435,41.84
2010-03-30,41.94,42.12,41.72,42.0
2010-03-31,41.86,42.23,41.84,42.1225
2010-04-01,42.74,43.22,42.74,43.22
2010-04-05,43.44,43.75,43.34,43.61
2010-04-06,43.44,43.84,43.41,43.74
2010-04-07,43.56,43.67,43.13,43.36
2010-04-08,43.07,43.56,42.86,43.5125
2010-04-09,43.6,46.6599,43.53,43.78
2010-04-12,43.45,43.67,43.43,43.43
2010-04-13,43.31,43.39,42.91,43.34
2010-04-14,43.79,44.02,43.59,43.98
2010-04-15,43.7,43.98,43.65,43.74
2010-04-16,43.25,43.32,42.27,42.46
2010-04-19,41.96,42.38,41.65,42.29
2010-04-20,42.67,42.86,42.45,42.79
2010-04-21,42.71,42.77,42.26,42.65
2010-04-22,42.27,42.87,41.99,42.83
2010-04-23,42.69,43.11,42.49,43.06
2010-04-26,43.33,43.4,42.99,43.06
2010-04-27,42.58,42.68,41.43,41.515
2010-04-28,42.01,42.06,41.29,41.87
2010-04-29,42.26,42.61,42.16,42.56
2010-04-30,42.54,42.69,42.01,42.05
2010-05-03,42.19,42.42,41.9,42.28
2010-05-04,41.38,41.41,40.23,40.34
2010-05-05,39.581,40.26,39.23,39.61
2010-05-06,39.31,39.76,36.58,37.9901
2010-05-07,38.36,38.84,37.25,38.19
2010-05-10,40.63,41.03,40.39,40.94
2010-05-11,40.0,40.8,39.9,40.2
2010-05-12,40.54,40.77,40.4,40.7
2010-05-13,40.7,40.93,40.29,40.32
2010-05-14,40.03,40.06,39.1,39.49
2010-05-17,39.4,39.67,38.4,39.25
2010-05-18,39.64,39.79,38.3,38.4275
2010-05-19,37.9,38.3,37.36,38.06
2010-05-20,36.61,37.06,36.0,36.165
2010-05-21,35.71,37.38,35.67,37.34
2010-05-24,37.37,37.63,36.9,36.95
2010-05-25,35.47,36.61,35.21,36.55
2010-05-26,36.93,37.5189,36.44,36.53
2010-05-27,37.96,38.81,37.68,38.74
2010-05-28,38.52,38.59,37.92,38.1
2010-06-01,37.71,38.43,37.38,37.405
2010-06-02,37.83,38.74,37.63,38.71
2010-06-03,38.96,39.01,38.08,38.57
2010-06-04,37.74,38.12,37.09,37.2
2010-06-07,37.34,37.5,36.59,36.62
2010-06-08,37.03,37.51,36.58,37.46
2010-06-09,37.62,38.12,37.06,37.26
2010-06-10,38.04,38.61,37.98,38.56
2010-06-11,38.0,38.79,37.99,38.76
2010-06-14,39.24,39.5,38.67,38.77
2010-06-15,39.2,39.99,39.05,39.94
2010-06-16,39.51,40.12,39.45,39.94
2010-06-17,40.05,40.06,39.41,39.74
2010-06-18,39.91,40.13,39.69,39.92
2010-06-21,40.96,41.13,40.3,40.61
2010-06-22,40.53,40.73,39.73,39.83
2010-06-23,39.85,39.88,39.25,39.67
2010-06-24,39.49,39.49,38.82,38.97
2010-06-25,39.08,39.53,38.77,39.43
2010-06-28,39.4,39.5,39.03,39.16
2010-06-29,38.1,38.14,37.4,37.57
2010-06-30,37.76,38.1,37.2181,37.32
2010-07-01,37.5,37.64,36.76,37.59
2010-07-02,37.7,37.96,37.43,37.75
2010-07-06,38.72,39.04,38.06,38.45
2010-07-07,38.4,39.31,38.36,39.3
2010-07-08,39.37,39.53,38.98,39.49
2010-07-09,39.52,40.01,39.46,39.975
2010-07-12,39.81,40.04,39.47,39.65
2010-07-13,39.99,40.24,39.89,40.11
2010-07-14,39.85,40.14,39.71,40.03
2010-07-15,39.85,39.93,39.35,39.84
2010-07-16,39.51,39.51,38.58,38.65
2010-07-19,39.02,39.25,38.75,39.16
2010-07-20,38.9,40.14,38.88,40.08
2010-07-21,40.25,40.28,39.48,39.67
2010-07-22,40.36,40.94,40.32,40.87
2010-07-23,40.76,41.19,40.49,41.15
2010-07-26,41.07,41.47,40.91,41.43
2010-07-27,41.66,41.71,41.15,41.36
2010-07-28,41.11,41.38,40.98,41.13
2010-07-29,41.56,41.65,40.89,41.2
2010-07-30,40.89,41.53,40.76,41.4
2010-08-02,42.18,42.59,42.07,42.475
2010-08-03,42.14,42.43,41.93,42.27
2010-08-04,42.28,42.43,42.0,42.33
2010-08-05,42.02,42.2,41.87,42.14
2010-08-06,41.86,42.19,41.6,42.08
2010-08-09,42.36,42.39,42.16,42.3
2010-08-10,41.56,41.99,41.42,41.72
2010-08-11,40.85,40.85,40.32,40.39
2010-08-12,40.01,40.58,39.97,40.46
2010-08-13,40.63,40.82,40.51,40.68
2010-08-16,40.66,41.1,40.56,41.06
2010-08-17,41.47,41.72,41.31,41.49
2010-08-18,41.4,41.67,41.195,41.46
2010-08-19,41.47,41.59,40.88,41.14
2010-08-20,40.99,41.05,40.69,41.02
2010-08-23,41.12,41.26,40.63,40.65
2010-08-24,40.17,40.33,39.81,40.13
2010-08-25,39.72,40.03,39.31,39.87
2010-08-26,40.08,40.25,39.56,39.62
2010-08-27,40.0,40.5,39.57,40.49
2010-08-30,40.24,40.42,39.81,39.82
2010-08-31,39.845,40.22,39.73,40.06
2010-09-01,40.79,41.49,40.76,41.47
2010-09-02,41.39,41.62,41.25,41.54
2010-09-03,42.04,42.17,41.8095,42.03
2010-09-07,41.77,41.8,41.4,41.42
2010-09-08,41.73,42.04,41.66,41.868
2010-09-09,42.31,42.34,41.9,42.112
2010-09-10,42.12,42.34,42.07,42.26
2010-09-13,43.07,43.32,43.03,43.27
2010-09-14,43.15,43.53,42.98,43.25
2010-09-15,43.09,43.34,42.97,43.31
2010-09-16,42.97,43.17,42.93,43.09
2010-09-17,43.29,43.31,42.96,43.02
2010-09-20,43.33,43.75,43.19,43.7
2010-09-21,43.72,43.82,43.31,43.57
2010-09-22,43.65,43.91,43.475,43.6
2010-09-23,43.33,43.77,43.21,43.32
2010-09-24,43.85,44.15,43.85,44.12
2010-09-27,44.09,44.22,43.97,44.0375
2010-09-28,44.1,44.44,43.74,44.36
2010-09-29,44.39,44.71,44.32,44.51
2010-09-30,44.83,44.99,44.45,44.77
2010-10-01,45.25,45.5,45.1,45.43
2010-10-04,45.4,45.51,45.08,45.29
2010-10-05,45.63,46.2,45.57,46.11
2010-10-06,46.1,46.23,46.0,46.09
2010-10-07,46.19,46.2,45.45,45.68
2010-10-08,45.65,46.3,45.55,46.23
2010-10-11,46.15,46.29,46.03,46.2
2010-10-12,45.79,46.11,45.53,46.01
2010-10-13,46.54,47.01,46.53,46.855
2010-10-14,46.82,46.99,46.54,46.775
2010-10-15,47.02,47.03,46.38,46.72
2010-10-18,46.36,46.8,46.285,46.74
2010-10-19,45.68,45.83,45.08,45.26
2010-10-20,45.64,46.28,45.6,45.98
2010-10-21,46.24,46.5,45.49,45.98
2010-10-22,46.17,46.21,45.8769,46.03
2010-10-25,46.59,46.89,46.5,46.53
2010-10-26,46.23,46.56,46.09,46.49
2010-10-27,45.83,45.83,45.27,45.7
2010-10-28,46.12,46.16,45.75,45.99
2010-10-29,45.91,46.13,45.83,46.12
2010-11-01,46.59,46.87,46.38,46.63
2010-11-02,47.05,47.25,46.95,47.205
2010-11-03,47.32,47.53,46.74,47.5
2010-11-04,48.22,48.58,48.17,48.58
2010-11-05,48.33,48.6,48.29,48.49
2010-11-08,48.11,48.33,47.99,48.295
2010-11-09,48.53,48.62,47.52,47.68
2010-11-10,47.94,48.11,47.3701,48.03
2010-11-11,47.56,47.6,47.3,47.56
2010-11-12,46.89,47.13,46.22,46.41
2010-11-15,46.64,46.88,46.36,46.39
2010-11-16,45.91,45.96,45.02,45.1675
2010-11-17,45.32,45.64,45.23,45.4
2010-11-18,46.27,46.57,46.24,46.48
2010-11-19,46.26,46.55,45.98,46.51
2010-11-22,46.27,46.58,45.83,46.37
2010-11-23,45.15,45.24,44.8,44.9
2010-11-24,45.63,45.955,45.57,45.935
2010-11-26,45.015,45.25,44.8,44.93
2010-11-29,44.96,45.23,44.51,45.15
2010-11-30,44.62,45.15,44.53,44.78
2010-12-01,45.9,46.16,45.75,46.065
2010-12-02,46.21,46.982,46.19,46.97
2010-12-03,46.57,47.21,46.57,47.14
2010-12-06,46.87,47.13,46.83,47.06
2010-12-07,47.59,47.61,46.83,46.84
2010-12-08,46.75,46.87,46.28,46.54
2010-12-09,46.72,46.76,46.25,46.385
2010-12-10,46.41,46.59,46.245,46.59
2010-12-13,46.87,47.12,46.74,46.89
2010-12-14,46.93,47.14,46.81,46.96
2010-12-15,46.69,46.76,46.15,46.2
2010-12-16,46.24,46.39,46.02,46.33
2010-12-17,46.21,46.42,46.13,46.405
2010-12-20,46.36,46.41,46.08,46.185
2010-12-21,46.33,46.66,46.32,46.5
2010-12-22,46.48,46.71,46.44,46.6625
2010-12-23,46.5,46.63,46.44,46.61
2010-12-27,46.44,46.55,46.33,46.46
2010-12-28,46.55,46.58,46.4,46.5
2010-12-29,46.82,47.1,46.81,47.07
2010-12-30,47.33,47.39,47.17,47.31
2010-12-31,47.43,47.68,47.31,47.642
2011-01-03,48.03,48.31,48.03,48.1
2011-01-04,48.26,48.32,47.75,48.32
2011-01-05,47.9,48.3,47.88,48.2
2011-01-06,48.01,48.04,47.58,47.685
2011-01-07,47.51,47.62,46.93,47.25
2011-01-10,46.8,46.85,46.51,46.76
2011-01-11,47.27,47.39,47.07,47.255
2011-01-12,47.9,48.21,47.84,48.21
2011-01-13,48.1,48.11,47.67,47.79
2011-01-14,47.63,47.94,47.61,47.93
2011-01-18,47.85,47.955,47.75,47.86
2011-01-19,48.0,48.01,47.32,47.49
2011-01-20,47.13,47.14,46.53,46.97
2011-01-21,47.0,47.07,46.44,46.48
2011-01-24,46.48,46.85,46.41,46.8425
2011-01-25,46.6,46.7,46.23,46.555
2011-01-26,47.0,47.15,46.82,46.97
2011-01-27,47.08,47.15,46.75,46.81
2011-01-28,46.61,46.62,45.25,45.33
2011-01-31,45.72,45.98,45.57,45.81
2011-02-01,46.21,46.98,46.16,46.92
2011-02-02,46.76,47.14,46.52,46.57
2011-02-03,46.655,46.76,46.26,46.51
2011-02-04,46.58,46.66,46.13,46.4975
2011-02-07,46.4,46.76,46.35,46.56
2011-02-08,46.42,46.61,46.2,46.58
2011-02-09,45.94,46.04,45.31,45.51
2011-02-10,44.85,45.3,44.7,45.08
2011-02-11,44.79,45.69,44.78,45.625
2011-02-14,45.7,45.72,45.38,45.4
2011-02-15,45.43,45.65,45.31,45.49
2011-02-16,45.59,45.94,45.52,45.87
2011-02-17,45.73,46.08,45.68,46.03
2011-02-18,46.18,46.43,46.03,46.31
2011-02-22,45.33,45.67,44.69,44.83
2011-02-23,44.96,45.18,44.36,44.871
2011-02-24,44.85,45.06,44.555,44.98
2011-02-25,45.39,45.6,45.18,45.52
2011-02-28,45.7,45.94,45.52,45.79
2011-03-01,46.09,46.14,45.23,45.32
2011-03-02,45.44,46.02,45.44,45.94
2011-03-03,46.51,46.93,46.43,46.8525
2011-03-04,46.91,47.15,46.47,46.895
2011-03-07,46.96,47.01,46.06,46.24
2011-03-08,46.65,47.13,46.3,46.86
2011-03-09,46.89,47.08,46.65,46.95
2011-03-10,46.05,46.12,45.51,45.56
2011-03-11,45.28,46.18,45.27,46.03
2011-03-14,45.85,46.32,45.71,46.3
2011-03-15,44.5,45.77,44.5,45.53
2011-03-16,45.52,46.18,44.25,44.6
2011-03-17,45.26,45.38,44.89,45.15
2011-03-18,45.64,45.69,45.21,45.23
2011-03-21,46.08,46.25,45.99,46.0975
2011-03-22,46.22,46.28,46.03,46.24
2011-03-23,46.34,46.95,46.19,46.85
2011-03-24,47.08,47.45,46.865,47.39
2011-03-25,47.4,47.64,47.23,47.34
2011-03-28,47.29,47.41,47.07,47.095
2011-03-29,47.31,47.65,47.13,47.64
2011-03-30,48.07,48.4,48.01,48.25
2011-03-31,48.54,48.75,48.47,48.67
2011-04-01,49.24,49.56,49.0,49.45
2011-04-04,49.68,49.89,49.51,49.87
2011-04-05,49.65,50.03,49.54,49.77
2011-04-06,50.21,50.3,49.94,50.04
2011-04-07,50.07,50.3,49.7,49.99
2011-04-08,50.27,50.28,49.8,50.04
2011-04-11,49.91,49.98,49.35,49.45
2011-04-12,49.06,49.14,48.45,48.52
2011-04-13,49.36,49.45,48.67,48.92
2011-04-14,48.82,49.16,48.635,49.07
2011-04-15,49.06,49.15,48.76,49.135
2011-04-18,48.15,48.19,47.56,47.9
2011-04-19,48.3,48.61,48.25,48.5899
2011-04-20,49.66,49.76,49.44,49.74
2011-04-21,50.04,50.19,49.79,50.175
2011-04-25,50.11,50.15,49.6299,49.77
2011-04-26,49.92,50.23,49.66,50.2
2011-04-27,50.13,50.17,49.37,50.11
2011-04-28,49.66,49.77,49.39,49.7
2011-04-29,49.74,50.14,49.66,50.0
2011-05-02,50.24,50.43,49.84,50.01
2011-05-03,49.32,49.35,48.58,48.895
2011-05-04,48.7,48.74,47.8699,48.09
2011-05-05,47.7,48.09,47.27,47.63
2011-05-06,48.37,48.86,47.88,48.25
2011-05-09,48.24,48.4601,47.93,48.34
2011-05-10,48.47,48.91,48.43,48.91
2011-05-11,48.56,48.58,47.53,47.83
2011-05-12,47.44,48.06,47.15,47.97
2011-05-13,47.74,47.84,46.62,46.92
2011-05-16,46.76,47.42,46.68,46.85
2011-05-17,46.58,47.03,46.4,47.0
2011-05-18,47.31,47.84,47.12,47.76
2011-05-19,47.65,47.705,47.18,47.45
2011-05-20,47.34,47.38,46.82,47.07
2011-05-23,45.93,46.2,45.77,46.09
2011-05-24,46.51,46.69,46.36,46.55
2011-05-25,46.27,46.805,46.26,46.65
2011-05-26,46.83,47.28,46.75,47.25
2011-05-27,47.57,47.87,47.52,47.75
2011-05-31,48.57,48.6,48.15,48.53
2011-06-01,48.43,48.565,47.59,47.66
2011-06-02,47.99,48.2,47.61,48.11
2011-06-03,47.55,48.12,47.53,47.87
2011-06-06,47.82,47.82,47.04,47.1
2011-06-07,47.71,47.86,47.45,47.47
2011-06-08,47.3,47.43,46.985,47.13
2011-06-09,47.11,47.64,46.97,47.5
2011-06-10,46.97,46.97,46.38,46.47
2011-06-13,46.69,46.81,46.25,46.39
2011-06-14,47.02,47.27,46.97,47.09
2011-06-15,46.48,46.72,45.97,46.08
2011-06-16,45.79,46.14,45.37,45.73
2011-06-17,46.07,46.09,45.69,45.79
2011-06-20,45.57,45.79,45.47,45.72
2011-06-21,46.13,46.615,46.03,46.56
2011-06-22,45.76,46.08,45.59,45.64
2011-06-23,45.03,45.6,44.77,45.58
2011-06-24,45.88,45.9,45.41,45.5
2011-06-27,45.48,46.13,45.41,46.03
2011-06-28,46.07,46.67,45.94,46.66
2011-06-29,46.78,47.19,46.5,47.09
2011-06-30,47.34,47.62,47.2,47.6
2011-07-01,47.58,48.29,46.75,48.16
2011-07-05,48.28,48.32,47.98,48.14
2011-07-06,47.93,48.02,47.61,47.82
2011-07-07,48.37,48.63,48.275,48.48
2011-07-08,47.93,48.01,47.45,47.93
2011-07-11,47.1,47.18,46.52,46.59
2011-07-12,46.25,46.6,46.08,46.12
2011-07-13,46.54,47.27,46.43,46.87
2011-07-14,47.12,47.17,46.27,46.368
2011-07-15,46.82,46.84,46.36,46.66
2011-07-18,46.23,46.33,45.8,46.12
2011-07-19,46.5,46.84,46.36,46.79
2011-07-20,47.03,47.1,46.81,46.93
2011-07-21,47.17,47.77,47.03,47.68
2011-07-22,47.69,47.78,47.42,47.65
2011-07-25,47.34,47.74,47.24,47.55
2011-07-26,47.84,47.98,47.55,47.71
2011-07-27,47.54,47.54,46.75,46.87
2011-07-28,47.09,47.27,46.74,46.91
2011-07-29,46.55,47.25,46.42,47.11
2011-08-01,47.67,47.69,46.635,47.07
2011-08-02,46.68,46.76,45.59,45.62
2011-08-03,45.6,45.63,44.66,45.461
2011-08-04,44.24,44.36,42.79,42.86
2011-08-05,43.15,43.26,41.32,42.58
2011-08-08,40.73,41.245,38.71,39.03
2011-08-09,40.0,41.34,38.81,41.32
2011-08-10,40.06,40.54,39.12,39.13
2011-08-11,40.05,41.8,39.755,41.292
2011-08-12,41.32,41.56,40.83,41.27
2011-08-15,41.91,42.33,41.9,42.23
2011-08-16,41.78,42.17,41.34,41.87
2011-08-17,42.15,42.48,41.76,42.17
2011-08-18,40.63,44.05,39.641,40.18
2011-08-19,39.62,40.74,39.61,39.68
2011-08-22,40.34,40.51,39.51,39.64
2011-08-23,40.16,41.07,39.74,41.03
2011-08-24,40.39,40.87,39.98,40.63
2011-08-25,40.62,40.78,39.62,39.84
2011-08-26,39.88,40.54,39.23,40.52
2011-08-29,41.28,41.84,41.25,41.83
2011-08-30,41.59,42.15,41.37,41.89
2011-08-31,42.65,42.93,42.41,42.75
2011-09-01,42.87,43.27,42.5,42.52
2011-09-02,41.86,42.07,41.35,41.56
2011-09-06,40.19,41.16,40.17,41.13
2011-09-07,41.83,42.38,41.6,42.35
2011-09-08,41.62,42.11,41.3,41.41
2011-09-09,40.77,41.8343,39.85,40.01
2011-09-12,39.27,39.97,38.98,39.93
2011-09-13,39.73,40.04,39.4,39.99
2011-09-14,39.71,40.22,38.89,39.88
2011-09-15,40.39,40.47,39.8,40.46
2011-09-16,40.65,40.82,40.15,40.53
2011-09-19,39.1,39.53,38.92,39.33
2011-09-20,39.48,39.76,39.02,39.04
2011-09-21,38.81,39.05,37.56,37.59
2011-09-22,35.81,36.1,34.705,34.95
2011-09-23,35.39,35.93,35.13,35.88
2011-09-26,35.57,36.47,35.09,36.42
2011-09-27,37.61,38.24,37.39,37.58
2011-09-28,37.4,37.66,36.41,36.45
2011-09-29,37.42,37.545,36.39,36.95
2011-09-30,36.01,36.36,35.03,35.095
2011-10-03,35.07,35.59,34.29,34.36
2011-10-04,33.93,34.94,33.42,34.89
2011-10-05,34.76,35.75,34.49,35.7
2011-10-06,35.78,36.91,35.62,36.88
2011-10-07,37.1,37.235,36.2,36.44
2011-10-10,37.46,38.13,37.43,38.07
2011-10-11,37.58,38.28,37.5,38.09
2011-10-12,38.89,39.72,38.87,39.16
2011-10-13,38.84,39.01,38.29,38.81
2011-10-14,39.4,39.605,39.16,39.59
2011-10-17,39.17,39.26,38.21,38.25
2011-10-18,38.32,39.46,37.73,39.27
2011-10-19,39.02,39.205,38.465,38.52
2011-10-20,38.21,38.22,37.13,37.78
2011-10-21,38.39,38.9,38.37,38.855
2011-10-24,39.34,40.5,39.3,40.38
2011-10-25,39.9,40.02,39.43,39.58
2011-10-26,40.39,40.51,39.52,40.31
2011-10-27,42.09,43.22,41.73,42.76
2011-10-28,42.02,42.66,41.94,42.4
2011-10-31,41.6,41.68,40.76,40.815
2011-11-01,39.29,40.31,39.14,39.82
2011-11-02,40.94,41.14,40.42,41.04
2011-11-03,41.29,41.63,40.67,41.46
2011-11-04,41.11,41.26,40.55,41.19
2011-11-07,41.13,41.63,40.97,41.54
2011-11-08,41.61,42.08,41.1,42.03
2011-11-09,40.4,40.565,39.48,39.57
2011-11-10,40.19,40.3,39.55,39.83
2011-11-11,40.37,40.9,40.37,40.785
2011-11-14,40.5,40.6,40.0,40.23
2011-11-15,40.18,40.7,39.86,40.48
2011-11-16,39.75,40.17,39.39,39.39
2011-11-17,39.6,39.7,38.18,38.388
2011-11-18,38.95,38.96,38.32,38.54
2011-11-21,37.51,37.66,36.88,37.3
2011-11-22,37.45,37.66,36.99,37.43
2011-11-23,36.79,36.82,36.22,36.22
2011-11-25,36.23,36.73,36.1,36.1
2011-11-28,37.725,37.86,37.46,37.83
2011-11-29,37.72,38.22,37.62,37.659
2011-11-30,39.5,40.07,39.295,40.01
2011-12-01,40.03,40.35,39.81,39.8875
2011-12-02,40.39,40.43,39.75,39.77
2011-12-05,40.5,40.59,40.12,40.42
2011-12-06,39.86,40.17,39.59,39.87
2011-12-07,39.77,40.16,39.51,40.03
2011-12-08,39.43,39.56,38.48,38.59
2011-12-09,38.71,39.48,38.7,39.37
2011-12-12,38.24,38.29,37.66,37.89
2011-12-13,38.24,38.45,37.42,37.54
2011-12-14,37.4,37.6,36.98,37.0
2011-12-15,37.74,37.75,37.12,37.245
2011-12-16,37.62,37.84,37.37,37.52
2011-12-19,37.23,37.28,36.48,36.55
2011-12-20,37.16,37.7978,37.13,37.725
2011-12-21,37.63,37.85,37.2,37.84
2011-12-22,37.89,38.37,37.88,38.335
2011-12-23,38.32,38.5,38.16,38.485
2011-12-27,38.18,38.3,38.04,38.12
2011-12-28,37.93,37.98,37.43,37.48
2011-12-29,37.67,37.96,37.63,37.91
2011-12-30,37.88,38.14,37.86,37.94
2012-01-03,38.98,39.27,38.89,39.1
2012-01-04,38.74,38.97,38.6,38.882
2012-01-05,38.64,38.83,38.33,38.71
2012-01-06,38.67,38.67,38.2,38.225
2012-01-09,38.58,38.7,38.37,38.615
2012-01-10,39.5,39.68,39.3601,39.458
2012-01-11,39.23,39.51,39.12,39.49
2012-01-12,39.69,39.75,39.38,39.65
2012-01-13,39.36,39.38,38.94,39.29
2012-01-17,40.14,40.25,39.88,40.04
2012-01-18,40.25,41.07,40.15,41.05
2012-01-19,41.26,41.48,41.14,41.41
2012-01-20,41.31,41.49,41.12,41.38
2012-01-23,41.58,41.98,41.51,41.78
2012-01-24,41.4,41.84,41.23,41.835
2012-01-25,41.52,42.42,41.39,42.31
2012-01-26,42.61,42.76,41.98,42.14
2012-01-27,42.16,42.51,42.14,42.36
2012-01-30,41.51,41.89,41.35,41.75
2012-01-31,42.27,42.55,41.83,42.11
2012-02-01,42.75,43.25,42.67,43.045
2012-02-02,43.25,43.549,43.14,43.16
2012-02-03,43.73,43.94,43.48,43.88
2012-02-06,43.29,43.51,43.2,43.505
2012-02-07,43.31,43.68,43.04,43.6
2012-02-08,43.87,44.1,43.71,43.91
2012-02-09,43.971,44.0,43.61,43.89
2012-02-10,42.94,43.0,42.74,42.915
2012-02-13,43.63,43.665,43.29,43.615
2012-02-14,43.32,43.45,42.98,43.26
2012-02-15,43.78,43.79,43.28,43.38
2012-02-16,43.21,43.88,43.08,43.845
2012-02-17,44.01,44.1,43.78,43.93
2012-02-21,44.05,44.08,43.68,43.75
2012-02-22,43.81,43.895,43.66,43.825
2012-02-23,43.74,43.8516,43.49,43.75
2012-02-24,43.96,44.26,43.932,44.19
2012-02-27,43.57,43.91,43.38,43.75
2012-02-28,44.03,44.37,43.92,44.36
2012-02-29,44.64,44.91,44.21,44.33
2012-03-01,44.48,44.865,44.42,44.75
2012-03-02,44.6,44.75,44.42,44.64
2012-03-05,44.23,44.24,43.68,43.87
2012-03-06,42.75,42.8,42.22,42.405
2012-03-07,42.75,42.95,42.55,42.91
2012-03-08,43.57,43.89,43.4,43.81
2012-03-09,43.81,44.04,43.69,43.79
2012-03-12,43.49,43.55,43.15,43.31
2012-03-13,43.74,44.53,43.62,44.49
2012-03-14,44.26,44.37,43.675,43.79
2012-03-15,44.03,44.18,43.76,44.14
2012-03-16,44.07,44.25,43.931,44.09
2012-03-19,43.71,44.1,43.65,43.92
2012-03-20,43.1601,43.2739,42.9,43.16
2012-03-21,43.18,43.34,42.94,43.235
2012-03-22,42.81,42.84,42.38,42.58
2012-03-23,42.63,42.95,42.42,42.9
2012-03-26,43.18,43.67,43.1,43.655
2012-03-27,43.65,43.7,43.38,43.42
2012-03-28,43.21,43.3,42.51,42.69
2012-03-29,42.22,42.68,41.91,42.64
2012-03-30,43.05,43.06,42.63,42.945
2012-04-02,42.9,43.73,42.79,43.545
2012-04-03,43.61,43.75,43.0,43.29
2012-04-04,42.56,42.635,42.24,42.51
2012-04-05,42.52,43.85,42.5,42.74
2012-04-09,42.09,42.31,41.97,42.11
2012-04-10,41.97,42.09,41.17,41.295
2012-04-11,41.88,42.0,41.64,41.735
2012-04-12,41.95,42.82,41.94,42.81
2012-04-13,42.58,42.7,42.045,42.16
2012-04-16,42.46,42.51,41.762,41.945
2012-04-17,42.17,42.53,41.98,42.43
2012-04-18,42.06,42.35,41.99,42.23
2012-04-19,42.15,42.48,41.82,42.045
2012-04-20,42.31,42.55,42.26,42.325
2012-04-23,41.57,41.61,41.07,41.52
2012-04-24,41.63,41.88,41.53,41.61
2012-04-25,41.95,42.01,41.7286,41.985
2012-04-26,41.84,42.31,41.795,42.25
2012-04-27,42.275,42.4,42.05,42.31
2012-04-30,42.31,42.32,42.07,42.215
2012-05-01,42.25,42.88,42.14,42.5
2012-05-02,42.37,42.49,42.15,42.415
2012-05-03,42.44,42.47,41.91,42.1
2012-05-04,41.87,41.94,41.29,41.36
2012-05-07,41.29,41.57,41.24,41.51
2012-05-08,41.13,41.14,40.42,40.85
2012-05-09,40.11,40.6,39.87,40.32
2012-05-10,40.735,40.74,40.42,40.49
2012-05-11,40.01,40.52,39.93,39.965
2012-05-14,39.27,39.34,39.05,39.06
2012-05-15,39.09,39.23,38.57,38.72
2012-05-16,38.51,38.75,38.12,38.17
2012-05-17,38.15,38.23,37.61,37.65
2012-05-18,37.76,37.86,37.17,37.29
2012-05-21,37.5,38.24,37.46,38.18
2012-05-22,38.14,38.41,37.54,37.78
2012-05-23,37.385,37.55,36.69,37.52
2012-05-24,37.63,37.64,36.97,37.33
2012-05-25,37.18,37.365,37.05,37.15
2012-05-29,38.145,38.36,37.87,38.2
2012-05-30,37.47,37.655,37.3,37.54
2012-05-31,37.605,37.89,37.22,37.7
2012-06-01,36.93,37.12,36.64,36.69
2012-06-04,36.75,36.99,36.57,36.85
2012-06-05,36.855,37.0501,36.65,36.945
2012-06-06,37.36,38.08,37.35,38.025
2012-06-07,38.84,38.92,38.13,38.26
2012-06-08,37.69,37.99,37.55,37.93
2012-06-11,38.27,38.31,37.35,37.385
2012-06-12,37.91,38.19,37.725,38.16
2012-06-13,38.1,38.455,37.93,38.02
2012-06-14,37.97,38.42,37.77,38.285
2012-06-15,38.47,39.0,38.38,38.99
2012-06-18,38.74,39.17,38.64,39.07
2012-06-19,39.4,39.945,39.34,39.7
2012-06-20,39.7,39.82,39.18,39.57
2012-06-21,38.83,38.88,37.62,37.67
2012-06-22,37.97,37.99,37.58,37.79
2012-06-25,37.23,37.24,36.88,37.085
2012-06-26,37.335,37.56,37.06,37.41
2012-06-27,37.64,37.78,37.52,37.65
2012-06-28,37.31,37.51,37.05,37.47
2012-06-29,38.65,39.19,38.59,39.135
2012-07-02,39.06,39.19,38.79,39.125
2012-07-03,39.5,39.92,39.38,39.91
2012-07-05,39.56,39.74,39.27,39.49
2012-07-06,38.9,38.99,38.61,38.77
2012-07-09,38.6,38.6985,38.39,38.63
2012-07-10,38.985,39.02,38.06,38.2
2012-07-11,38.345,38.58,38.13,38.4
2012-07-12,37.67,37.99,37.45,37.76
2012-07-13,38.08,38.53,38.05,38.485
2012-07-16,38.27,38.49,38.08,38.395
2012-07-17,38.64,38.95,38.205,38.91
2012-07-18,38.35,38.91,38.33,38.81
2012-07-19,39.01,39.24,38.87,39.165
2012-07-20,38.69,38.79,38.45,38.585
2012-07-23,37.49,37.77,37.15,37.58
2012-07-24,37.76,37.77,37.18,37.415
2012-07-25,37.69,37.84,37.37,37.6
2012-07-26,38.19,38.51,38.03,38.45
2012-07-27,38.88,39.6,38.76,39.525
2012-07-30,39.26,39.51,39.2118,39.3
2012-07-31,39.49,39.65,39.12,39.12
2012-08-01,39.54,40.45,39.14,39.19
2012-08-02,38.75,39.1,38.44,38.73
2012-08-03,39.53,40.0203,39.48,39.93
2012-08-06,39.98,40.36,39.98,40.18
2012-08-07,40.24,40.58,40.23,40.29
2012-08-08,40.145,40.54,40.11,40.37
2012-08-09,40.51,40.78,40.47,40.54
2012-08-10,40.38,40.78,40.26,40.73
2012-08-13,40.47,40.59,40.14,40.365
2012-08-14,40.6,40.66,40.29,40.36
2012-08-15,40.25,40.4,40.17,40.3
2012-08-16,40.41,40.74,40.21,40.67
2012-08-17,40.49,40.52,40.24,40.47
2012-08-20,40.21,40.47,40.11,40.45
2012-08-21,40.67,40.84,40.27,40.39
2012-08-22,40.15,40.5,40.01,40.41
2012-08-23,40.31,40.37,39.92,40.04
2012-08-24,39.87,40.21,39.7,40.05
2012-08-27,39.85,39.89,39.61,39.64
2012-08-28,39.59,39.74,39.5,39.56
2012-08-29,39.6,39.62,39.24,39.37
2012-08-30,39.12,39.12,38.85,38.91
2012-08-31,39.2,39.46,38.95,39.28
2012-09-04,39.3,39.3,38.9267,39.065
2012-09-05,38.9,38.97,38.675,38.86
2012-09-06,39.085,39.85,39.08,39.725
2012-09-07,40.255,40.66,40.21,40.64
2012-09-10,40.41,40.545,40.09,40.12
2012-09-11,40.345,40.72,40.315,40.6
2012-09-12,40.835,40.93,40.62,40.78
2012-09-13,40.61,42.01,40.52,41.875
2012-09-14,42.31,42.835,42.2,42.37
2012-09-17,42.16,42.24,41.81,41.91
2012-09-18,41.897,42.06,41.72,41.925
2012-09-19,41.94,42.0,41.77,41.93
2012-09-20,41.45,41.71,41.21,41.68
2012-09-21,42.03,42.05,41.73,41.775
2012-09-24,41.61,41.8,41.49,41.74
2012-09-25,41.81,41.87,41.11,41.115
2012-09-26,40.985,41.06,40.66,40.925
2012-09-27,41.43,41.715,41.24,41.58
2012-09-28,41.48,41.52,41.2,41.325
2012-10-01,41.685,42.1,41.63,41.74
2012-10-02,41.97,42.0211,41.59,41.8
2012-10-03,41.81,41.83,41.45,41.52
2012-10-04,41.66,41.98,41.55,41.945
2012-10-05,42.16,42.33,41.8,41.95
2012-10-08,41.43,41.64,41.37,41.58
2012-10-09,41.53,41.5624,41.1,41.27
2012-10-10,41.325,41.34,40.92,41.02
2012-10-11,41.47,41.62,41.38,41.4
2012-10-12,41.345,41.57,41.18,41.27
2012-10-15,41.38,41.62,41.21,41.51
2012-10-16,41.78,42.06,41.77,41.94
2012-10-17,42.06,42.36,41.92,42.27
2012-10-18,42.06,42.35,41.96,42.155
2012-10-19,41.89,41.9,41.38,41.5
2012-10-22,41.86,42.05,41.63,41.9
2012-10-23,41.235,41.24,40.8162,41.04
2012-10-24,41.41,41.48,41.08,41.08
2012-10-25,41.665,41.74,41.1,41.5
2012-10-26,41.265,41.38,41.06,41.21
2012-10-31,41.33,41.415,41.02,41.15
2012-11-01,41.535,41.89,41.47,41.82
2012-11-02,42.05,42.05,41.48,41.6
2012-11-05,41.55,41.84,41.47,41.8
2012-11-06,41.91,42.26,41.89,42.1301
2012-11-07,41.79,41.81,41.18,41.4403
2012-11-08,41.41,41.67,40.87,40.92
2012-11-09,40.97,41.33,40.91,41.0
2012-11-12,41.17,41.31,41.07,41.155
2012-11-13,40.66,40.98,40.52,40.78
2012-11-14,40.84,40.88,40.06,40.155
2012-11-15,40.23,40.41,40.06,40.29
2012-11-16,40.25,40.44,39.92,40.41
2012-11-19,40.77,41.14,40.765,41.115
2012-11-20,40.79,41.04,40.68,41.035
2012-11-21,40.88,41.04,40.78,40.96
2012-11-23,41.45,41.68,41.42,41.63
2012-11-26,41.46,41.64,41.38,41.635
2012-11-27,41.585,41.645,41.27,41.2814
2012-11-28,41.03,41.55,40.8945,41.51
2012-11-29,41.74,41.95,41.58,41.815
2012-11-30,41.9,41.92,41.68,41.785
2012-12-03,42.05,42.05,41.77,41.77
2012-12-04,41.935,42.12,41.86,41.8901
2012-12-05,42.32,42.58,42.2,42.3391
2012-12-06,42.4,42.69,42.37,42.66
2012-12-07,42.74,42.82,42.58,42.785
2012-12-10,42.78,43.11,42.75,43.0309
2012-12-11,43.07,43.32,43.03,43.25
2012-12-12,43.39,43.65,43.2067,43.38
2012-12-13,43.35,43.47,43.06,43.19
2012-12-14,43.27,43.46,43.22,43.38
2012-12-17,43.28,43.51,43.23,43.495
2012-12-18,43.19,43.57,43.0,43.53
2012-12-19,43.581,43.73,43.48,43.51
2012-12-20,43.52,43.78,43.39,43.77
2012-12-21,43.03,43.3,42.97,43.265
2012-12-24,43.21,43.25,43.09,43.18
2012-12-26,43.495,43.58,43.29,43.305
2012-12-27,43.54,43.65,43.2,43.5431
2012-12-28,43.52,43.85,43.49,43.7
2012-12-31,43.75,44.42,43.67,44.35
2013-01-02,44.91,45.3333,44.78,45.225
2013-01-03,44.9,45.28,44.835,44.9024
2013-01-04,44.685,45.005,44.5994,44.99
2013-01-07,44.64,44.69,44.51,44.65
2013-01-08,44.4,44.45,44.085,44.25
2013-01-09,44.39,44.55,44.36,44.44
2013-01-10,44.71,44.92,44.53,44.825
2013-01-11,44.48,44.51,43.95,44.47
2013-01-14,44.65,44.715,44.44,44.66
2013-01-15,44.36,44.49,44.1,44.47
2013-01-16,44.13,44.45,44.11,44.43
2013-01-17,44.625,44.85,44.59,44.678
2013-01-18,44.69,44.8,44.54,44.775
2013-01-22,44.625,44.71,44.5333,44.705
2013-01-23,44.5,44.54,44.33,44.47
2013-01-24,44.42,44.58,44.2,44.31
2013-01-25,44.22,44.3,43.92,44.16
2013-01-28,44.035,44.04,43.71,43.85
2013-01-29,44.1,44.45,43.87,44.34
2013-01-30,44.15,44.28,44.11,44.13
2013-01-31,44.18,44.27,44.05,44.215
2013-02-01,44.47,44.64,44.31,44.505
2013-02-04,44.17,44.21,43.79,43.92
2013-02-05,44.1,44.19,43.9324,43.97
2013-02-06,43.76,43.92,43.62,43.92
2013-02-07,43.85,43.86,43.32,43.53
2013-02-08,43.66,43.92,43.65,43.85
2013-02-11,43.77,43.885,43.63,43.83
2013-02-12,43.83,44.13,43.68,43.95
2013-02-13,44.195,44.28,44.07,44.17
2013-02-14,44.0,44.21,43.94,44.145
2013-02-15,44.185,44.2133,43.96,43.99
2013-02-19,44.03,44.22,44.03,44.08
2013-02-20,44.28,44.28,43.645,43.685
2013-02-21,43.34,43.36,42.88,43.09
2013-02-22,43.38,43.385,43.1,43.28
2013-02-25,43.625,43.67,42.59,42.7
2013-02-26,42.94,43.07,42.66,42.94
2013-02-27,42.945,43.46,42.92,43.41
2013-02-28,43.39,43.48,43.17,43.205
2013-03-01,43.07,43.35,42.895,43.31
2013-03-04,42.825,42.96,42.67,42.905
2013-03-05,43.34,43.6429,43.31,43.415
2013-03-06,43.63,43.705,43.49,43.63
2013-03-07,43.64,43.8,43.58,43.75
2013-03-08,44.03,44.23,43.83,44.13
2013-03-11,43.93,43.94,43.76,43.89
2013-03-12,43.67,43.73,43.29,43.39
2013-03-13,43.31,43.32,42.95,42.98
2013-03-14,43.13,43.28,43.1,43.16
2013-03-15,42.92,42.97,42.73,42.77
2013-03-18,42.28,42.52,42.24,42.285
2013-03-19,42.32,42.34,41.72,41.99
2013-03-20,42.31,42.41,42.2,42.231
2013-03-21,42.015,42.09,41.75,41.8
2013-03-22,41.905,42.005,41.8,41.96
2013-03-25,42.24,42.3,41.75,41.92
2013-03-26,42.285,42.54,42.28,42.52
2013-03-27,42.25,42.69,42.13,42.68
2013-03-28,42.56,42.78,42.47,42.77
2013-04-01,42.72,42.74,42.23,42.31
2013-04-02,42.54,42.54,42.27,42.325
2013-04-03,42.27,42.34,41.74,41.83
2013-04-04,41.79,41.88,41.47,41.709
2013-04-05,40.985,41.755,40.92,41.61
2013-04-08,41.45,41.74,41.34,41.68
2013-04-09,41.735,42.36,41.625,42.09
2013-04-10,42.39,42.79,42.35,42.495
2013-04-11,42.56,42.64,42.39,42.525
2013-04-12,42.07,42.11,41.55,41.875
2013-04-15,41.51,41.515,40.82,40.86
2013-04-16,41.685,41.8,41.37,41.7
2013-04-17,41.345,41.35,40.76,41.035
2013-04-18,41.29,41.32,40.87,41.045
2013-04-19,41.61,41.73,41.47,41.64
2013-04-22,41.78,41.84,41.48,41.84
2013-04-23,41.76,42.13,41.69,42.04
2013-04-24,42.12,42.45,42.11,42.295
2013-04-25,42.52,42.83,42.44,42.67
2013-04-26,42.45,42.51,42.095,42.24
2013-04-29,42.615,42.83,42.44,42.68
2013-04-30,42.83,43.41,42.65,43.29
2013-05-01,43.22,43.24,42.68,42.82
2013-05-02,43.0,43.18,42.89,43.1601
2013-05-03,43.41,43.77,43.36,43.52
2013-05-06,43.515,43.61,43.39,43.58
2013-05-07,43.75,43.97,43.63,43.89
2013-05-08,44.07,44.27,44.04,44.23
2013-05-09,44.15,44.19,43.69,43.91
2013-05-10,43.62,43.68,43.37,43.57
2013-05-13,43.31,43.34,43.13,43.17
2013-05-14,43.34,43.56,43.28,43.37
2013-05-15,43.27,43.45,43.16,43.385
2013-05-16,43.375,43.545,43.22,43.23
2013-05-17,43.33,43.48,43.25,43.42
2013-05-20,43.41,43.58,43.29,43.53
2013-05-21,43.45,43.645,43.16,43.44
2013-05-22,43.56,43.955,42.8,42.96
2013-05-23,42.28,42.68,42.055,42.64
2013-05-24,42.27,42.3,42.03,42.265
2013-05-28,42.775,42.8675,42.455,42.5
2013-05-29,42.22,42.29,41.93,41.96
2013-05-30,41.895,42.24,41.87,41.96
2013-05-31,41.62,41.68,41.14,41.195
2013-06-03,41.4,41.95,41.11,41.81
2013-06-04,41.79,41.83,41.18,41.3
2013-06-05,41.21,41.28,40.53,40.56
2013-06-06,40.5,40.94,40.39,40.9
2013-06-07,40.67,40.97,40.43,40.69
2013-06-10,40.33,40.33,39.985,40.14
2013-06-11,39.32,39.67,39.19,39.38
2013-06-12,39.7,39.72,39.02,39.11
2013-06-13,39.09,39.95,39.03,39.94
2013-06-14,39.805,39.905,39.2,39.31
2013-06-17,39.75,39.93,39.425,39.67
2013-06-18,39.57,39.87,39.4699,39.835
2013-06-19,39.54,39.72,38.54,38.61
2013-06-20,37.685,37.69,36.4307,36.88
2013-06-21,37.405,37.64,36.78,37.41
2013-06-24,36.49,37.04,36.16,36.65
2013-06-25,37.275,37.47,36.88,37.43
2013-06-26,37.72,38.17,37.71,38.02
2013-06-27,37.98,38.34,37.97,38.28
2013-06-28,37.99,38.6,37.93,38.5
2013-07-01,38.68,38.88,38.47,38.62
2013-07-02,38.52,38.78,37.69,37.93
2013-07-03,37.395,37.91,37.355,37.58
2013-07-05,37.64,37.69,36.98,37.34
2013-07-08,37.34,37.68,37.28,37.39
2013-07-09,37.8,37.93,37.52,37.88
2013-07-10,37.7,37.95,37.48,37.52
2013-07-11,38.91,39.39,38.71,39.355
2013-07-12,38.92,39.01,38.75,38.94
2013-07-15,39.15,39.55,39.13,39.34
2013-07-16,39.44,39.54,39.15,39.5
2013-07-17,39.83,39.9,39.69,39.86
2013-07-18,39.61,39.73,39.33,39.39
2013-07-19,39.33,39.34,39.13,39.275
2013-07-22,39.375,39.74,39.23,39.67
2013-07-23,40.05,40.24,39.93,40.1
2013-07-24,40.1,40.11,39.45,39.69
2013-07-25,39.56,39.96,39.54,39.92
2013-07-26,39.7,39.88,39.4,39.83
2013-07-29,39.505,39.56,39.31,39.33
2013-07-30,39.51,39.54,39.16,39.24
2013-07-31,38.93,39.48,38.76,39.01
2013-08-01,39.43,39.86,39.35,39.715
2013-08-02,39.61,39.94,39.58,39.71
2013-08-05,39.575,39.59,39.295,39.46
2013-08-06,39.295,39.3,38.87,38.96
2013-08-07,38.59,38.76,38.51,38.54
2013-08-08,38.97,39.45,38.72,39.28
2013-08-09,39.29,39.59,39.28,39.36
2013-08-12,39.52,39.88,39.52,39.725
2013-08-13,39.975,40.09,39.77,39.97
2013-08-14,40.13,40.2,40.04,40.1
2013-08-15,39.59,39.72,39.22,39.64
2013-08-16,39.67,39.74,39.25,39.3
2013-08-19,38.99,39.03,38.54,38.56
2013-08-20,38.37,38.73,38.35,38.49
2013-08-21,38.03,38.08,37.51,37.59
2013-08-22,38.01,38.28,37.98,38.2
2013-08-23,38.5,38.72,38.2701,38.65
2013-08-26,38.7,38.73,38.155,38.23
2013-08-27,37.6,37.67,37.27,37.355
2013-08-28,37.29,37.79,37.17,37.43
2013-08-29,37.865,38.16,37.64,37.725
2013-08-30,38.17,38.19,37.74,38.02
2013-09-03,38.57,38.71,38.17,38.26
2013-09-04,38.48,38.95,38.4,38.935
2013-09-05,38.97,39.5,38.92,39.4
2013-09-06,39.95,40.14,39.51,39.975
2013-09-09,40.38,41.11,40.35,41.035
2013-09-10,41.27,41.43,41.15,41.345
2013-09-11,41.18,41.496,41.1,41.37
2013-09-12,41.22,41.26,40.88,40.89
2013-09-13,40.96,41.21,40.87,41.155
2013-09-16,41.87,41.9,41.52,41.62
2013-09-17,41.63,41.695,41.45,41.53
2013-09-18,41.41,43.32,41.23,43.275
2013-09-19,43.13,43.17,42.78,43.04
2013-09-20,42.84,42.8422,42.01,42.075
2013-09-23,42.14,42.38,42.07,42.225
2013-09-24,42.07,42.17,41.79,41.87
2013-09-25,41.87,41.9,41.5,41.55
2013-09-26,41.79,41.94,41.49,41.72
2013-09-27,41.39,41.47,41.11,41.235
2013-09-30,40.59,40.92,40.495,40.755
2013-10-01,41.04,41.59,41.01,41.57
2013-10-02,41.37,41.75,41.23,41.725
2013-10-03,41.93,42.02,41.27,41.57
2013-10-04,41.67,42.15,41.6,42.11
2013-10-07,41.56,41.925,41.52,41.75
2013-10-08,41.9,41.96,41.31,41.35
2013-10-09,41.64,41.84,41.311,41.655
2013-10-10,42.18,42.715,42.15,42.64
2013-10-11,42.46,42.8806,42.39,42.825
2013-10-14,42.47,43.175,42.4,43.08
2013-10-15,42.89,43.03,42.55,42.66
2013-10-16,42.87,43.17,42.8,42.995
2013-10-17,42.955,43.31,42.89,43.265
2013-10-18,43.46,43.51,43.26,43.309
2013-10-21,43.34,43.405,43.15,43.24
2013-10-22,43.545,43.91,43.49,43.655
2013-10-23,42.93,42.98,42.62,42.64
2013-10-24,42.88,42.88,42.485,42.55
2013-10-25,42.58,42.83,42.465,42.745
2013-10-28,42.81,43.07,42.77,43.0
2013-10-29,43.15,43.22,43.09,43.135
2013-10-30,43.31,43.31,42.71,42.9
2013-10-31,43.0,43.01,42.44,42.455
2013-11-01,42.615,42.71,42.21,42.475
2013-11-04,42.56,42.755,42.55,42.74
2013-11-05,42.19,42.25,41.85,41.88
2013-11-06,42.19,42.24,41.98,42.01
2013-11-07,42.09,42.11,41.16,41.25
2013-11-08,41.01,41.18,40.7499,41.159
2013-11-11,41.12,41.19,40.85,40.95
2013-11-12,40.96,41.01,40.44,40.73
2013-11-13,40.34,40.89,40.32,40.8
2013-11-14,40.83,41.47,40.715,41.455
2013-11-15,41.93,42.43,41.88,42.245
2013-11-18,42.8,43.09,42.62,42.625
2013-11-19,42.75,42.81,42.32,42.37
2013-11-20,42.41,42.47,41.72,41.79
2013-11-21,41.66,41.82,41.53,41.75
2013-11-22,41.78,42.1,41.7,42.05
2013-11-25,42.03,42.04,41.47,41.51
2013-11-26,41.5,41.775,41.38,41.65
2013-11-27,41.82,42.01,41.65,41.92
2013-11-29,42.24,42.46,42.16,42.35
2013-12-02,42.19,42.26,41.38,41.46
2013-12-03,41.31,41.62,41.03,41.32
2013-12-04,41.06,41.38,40.84,41.27
2013-12-05,41.15,41.41,41.01,41.03
2013-12-06,41.73,42.09,41.61,41.94
2013-12-09,42.06,42.24,41.96,42.0
2013-12-10,41.79,42.06,41.78,42.02
2013-12-11,41.71,41.71,41.04,41.09
2013-12-12,40.92,41.0,40.665,40.85
2013-12-13,40.98,41.05,40.78,40.95
2013-12-16,41.2,41.51,41.16,41.215
2013-12-17,41.165,41.17,40.83,40.86
2013-12-18,40.77,41.68,40.14,41.3
2013-12-19,40.575,40.7,40.22,40.54
2013-12-20,40.54,40.75,40.44,40.48
2013-12-23,40.81,40.97,40.7,40.78
2013-12-24,40.97,41.08,40.94,41.02
2013-12-26,40.85,40.91,40.65,40.67
2013-12-27,41.09,41.31,41.03,41.3
2013-12-30,41.36,41.54,41.31,41.48
2013-12-31,41.58,41.85,41.5,41.795
2014-01-02,41.0,41.01,40.15,40.19
2014-01-03,40.39,40.4,39.94,40.12
2014-01-06,39.96,39.96,39.73,39.74
2014-01-07,39.945,40.09,39.79,39.91
2014-01-08,39.97,40.01,39.66,39.78
2014-01-09,39.65,39.72,39.26,39.57
2014-01-10,39.8,40.42,39.79,40.27
2014-01-13,40.35,40.4,39.68,39.79
2014-01-14,40.01,40.34,39.83,40.22
2014-01-15,40.19,40.31,40.12,40.21
2014-01-16,40.16,40.26,39.9,39.99
2014-01-17,39.97,39.98,39.74,39.79
2014-01-21,40.0,40.05,39.56,39.73
2014-01-22,40.06,40.27,39.88,40.26
2014-01-23,39.77,39.77,38.99,39.27
2014-01-24,38.75,38.78,38.2,38.24
2014-01-27,38.29,38.37,37.765,38.09
2014-01-28,38.34,38.5,38.2,38.33
2014-01-29,37.83,38.2,37.59,37.78
2014-01-30,38.32,38.41,37.99,38.13
2014-01-31,37.68,38.27,37.58,38.19
2014-02-03,37.86,37.92,37.05,37.11
2014-02-04,37.72,38.09,37.62,37.86
2014-02-05,37.7,37.96,37.45,37.72
2014-02-06,37.99,38.57,37.99,38.51
2014-02-07,38.81,38.92,38.52,38.73
2014-02-10,38.56,38.59,38.13,38.3
2014-02-11,38.51,39.215,38.5,39.13
2014-02-12,39.39,39.58,39.02,39.14
2014-02-13,38.57,39.21,38.57,39.18
2014-02-14,39.45,39.87,39.38,39.66
2014-02-18,39.64,39.72,39.27,39.29
2014-02-19,39.14,39.46,38.93,39.02
2014-02-20,38.98,39.25,38.74,39.16
2014-02-21,39.37,39.59,39.28,39.43
2014-02-24,39.39,39.78,39.34,39.43
2014-02-25,39.35,39.44,38.87,38.98
2014-02-26,39.2,39.28,38.85,39.01
2014-02-27,39.36,39.82,39.28,39.75
2014-02-28,39.78,39.84,39.22,39.48
2014-03-03,38.72,38.94,38.49,38.78
2014-03-04,39.53,39.59,39.27,39.44
2014-03-05,39.32,39.53,39.25,39.47
2014-03-06,39.83,40.22,39.82,40.03
2014-03-07,39.85,39.87,39.28,39.52
2014-03-10,39.26,39.27,38.92,39.25
2014-03-11,39.31,39.43,38.71,38.81
2014-03-12,38.58,38.93,38.46,38.89
2014-03-13,38.98,39.0,38.03,38.19
2014-03-14,38.25,38.62,38.25,38.4
2014-03-17,38.74,38.96,38.74,38.87
2014-03-18,38.96,39.43,38.93,39.41
2014-03-19,39.13,39.305,38.4,38.57
2014-03-20,38.31,38.82,38.17,38.74
2014-03-21,39.0,39.45,38.93,38.98
2014-03-24,39.33,39.45,39.085,39.36
2014-03-25,39.76,39.96,39.64,39.81
2014-03-26,40.16,40.29,39.88,39.9
2014-03-27,40.05,40.48,40.03,40.42
2014-03-28,40.78,41.02,40.69,40.74
2014-03-31,40.99,41.25,40.97,41.01
2014-04-01,41.4,41.49,41.24,41.49
2014-04-02,41.33,41.61,41.27,41.57
2014-04-03,41.38,41.44,41.0,41.41
2014-04-04,41.85,42.13,41.24,41.3
2014-04-07,41.34,41.59,41.24,41.475
2014-04-08,42.06,42.26,41.82,41.96
2014-04-09,42.01,42.47,41.725,42.28
2014-04-10,42.27,42.42,41.78,41.83
2014-04-11,41.54,41.89,41.53,41.83
2014-04-14,41.96,41.97,41.53,41.741
2014-04-15,41.48,41.51,40.6,41.11
2014-04-16,41.31,41.67,41.21,41.63
2014-04-17,41.67,42.15,41.55,42.01
2014-04-21,41.95,41.96,41.641,41.75
2014-04-22,41.8,41.86,41.62,41.64
2014-04-23,41.44,41.46,41.1,41.34
2014-04-24,41.37,41.39,41.0232,41.38
2014-04-25,40.84,40.85,40.54,40.82
2014-04-28,40.87,41.16,40.67,41.02
2014-04-29,41.28,41.57,41.2568,41.41
2014-04-30,41.09,41.33,41.04,41.33
2014-05-01,41.275,41.48,41.08,41.38
2014-05-02,41.3,41.73,41.27,41.61
2014-05-05,41.32,41.415,41.2,41.38
2014-05-06,41.42,41.81,41.4,41.57
2014-05-07,41.45,41.8,41.38,41.79
2014-05-08,41.91,42.04,41.69,41.69
2014-05-09,41.73,41.83,41.56,41.62
2014-05-12,42.23,42.35,42.07,42.32
2014-05-13,42.39,42.66,42.33,42.48
2014-05-14,42.72,42.92,42.66,42.78
2014-05-15,42.72,42.73,42.23,42.38
2014-05-16,42.74,43.0,42.62,42.94
2014-05-19,42.88,43.0,42.84,42.94
2014-05-20,42.78,42.88,42.48,42.59
2014-05-21,42.82,42.94,42.79,42.92
2014-05-22,43.12,43.22,43.04,43.22
2014-05-23,43.16,43.29,43.12,43.14
2014-05-27,42.96,43.03,42.63,42.77
2014-05-28,42.99,43.11,42.84,43.02
2014-05-29,43.13,43.205,43.02,43.14
2014-05-30,42.87,42.92,42.46,42.55
2014-06-02,42.73,42.82,42.65,42.68
2014-06-03,42.73,43.04,42.72,42.92
2014-06-04,42.63,42.76,42.56,42.68
2014-06-05,43.07,43.2,42.9,43.13
2014-06-06,43.48,43.66,43.41,43.56
2014-06-09,43.51,43.7799,43.51,43.72
2014-06-10,43.77,43.98,43.71,43.95
2014-06-11,43.69,43.875,43.68,43.8
2014-06-12,43.87,43.905,43.445,43.59
2014-06-13,43.44,43.65,43.35,43.61
2014-06-16,43.48,43.52,43.28,43.41
2014-06-17,43.36,43.44,43.24,43.42
2014-06-18,43.32,43.93,43.185,43.9
2014-06-19,43.76,43.84,43.52,43.65
2014-06-20,43.5,43.59,43.4,43.56
2014-06-23,43.53,43.55,43.32,43.47
2014-06-24,43.59,43.89,43.36,43.45
2014-06-25,43.13,43.24,43.0,43.2
2014-06-26,43.32,43.32,43.1,43.25
2014-06-27,43.25,43.38,43.115,43.35
2014-06-30,43.37,43.415,43.2,43.23
2014-07-01,43.55,43.68,43.53,43.64
2014-07-02,43.82,43.92,43.79,43.9
2014-07-03,43.8,44.19,43.77,44.16
2014-07-07,44.07,44.16,43.98,44.13
2014-07-08,44.1,44.13,43.84,43.9325
2014-07-09,43.95,44.23,43.9,44.18
2014-07-10,43.54,43.955,43.43,43.94
2014-07-11,43.76,43.97,43.73,43.89
2014-07-14,44.15,44.24,44.07,44.23
2014-07-15,44.27,44.32,43.99,44.2
2014-07-16,44.42,44.47,44.25,44.31
2014-07-17,44.0,44.08,43.4,43.48
2014-07-18,44.1,44.26,43.9401,44.16
2014-07-21,43.94,44.399,43.92,44.31
2014-07-22,44.8,44.83,44.7,44.72
2014-07-23,44.82,44.82,44.66,44.76
2014-07-24,44.82,45.0,44.77,44.96
2014-07-25,44.75,44.83,44.64,44.78
2014-07-28,44.84,45.11,44.76,45.09
2014-07-29,45.13,45.13,44.79,44.82
2014-07-30,45.01,45.05,44.39,44.6
2014-07-31,44.06,44.15,43.66,43.82
2014-08-01,43.95,44.175,43.65,44.06
2014-08-04,44.26,44.57,44.08,44.47
2014-08-05,44.02,44.14,43.65,43.79
2014-08-06,43.55,43.73,43.44,43.485
2014-08-07,43.59,43.62,43.14,43.32
2014-08-08,43.505,43.779,43.33,43.71
2014-08-11,43.92,44.31,43.89,44.27
2014-08-12,44.09,44.33,44.04,44.32
2014-08-13,44.67,44.78,44.44,44.56
2014-08-14,44.59,44.71,44.53,44.63
2014-08-15,44.73,44.83,44.28,44.51
2014-08-18,44.74,44.94,44.635,44.94
2014-08-19,44.98,45.17,44.96,45.15
2014-08-20,44.94,45.14,44.86,45.06
2014-08-21,44.96,45.04,44.81,44.87
2014-08-22,44.92,44.99,44.58,44.75
2014-08-25,44.87,45.1,44.81,45.08
2014-08-26,45.17,45.38,45.15,45.35
2014-08-27,45.44,45.58,45.34,45.58
2014-08-28,44.99,45.18,44.94,45.13
2014-08-29,45.17,45.24,45.0,45.06
2014-09-02,45.05,45.06,44.88,44.99
2014-09-03,45.75,45.79,45.5,45.58
2014-09-04,45.73,45.83,45.34,45.46
2014-09-05,45.54,45.85,45.42,45.85
2014-09-08,45.68,45.72,45.22,45.31
2014-09-09,45.04,45.14,44.56,44.75
2014-09-10,44.33,44.64,44.23,44.56
2014-09-11,44.25,44.33,44.19,44.26
2014-09-12,43.99,44.0,43.6401,43.79
2014-09-15,43.66,43.71,43.44,43.57
2014-09-16,43.53,44.44,43.5,44.14
2014-09-17,44.195,44.27,43.72,43.73
2014-09-18,43.87,43.95,43.73,43.79
2014-09-19,43.92,43.97,43.35,43.46
2014-09-22,43.08,43.13,42.61,42.8
2014-09-23,42.7,42.9,42.5,42.56
2014-09-24,42.87,43.26,42.66,43.17
2014-09-25,42.51,42.53,42.12,42.23
2014-09-26,42.27,42.57,42.21,42.42
2014-09-29,41.37,41.77,41.36,41.56
2014-09-30,41.45,41.64,41.36,41.56
2014-10-01,41.34,41.375,40.7,40.71
2014-10-02,40.86,41.215,40.37,40.93
2014-10-03,41.08,41.39,40.89,41.28
2014-10-06,42.12,42.16,41.81,41.82
2014-10-07,41.76,41.865,41.45,41.45
2014-10-08,41.53,42.15,41.06,42.07
2014-10-09,41.9,41.95,41.27,41.41
2014-10-10,40.96,41.1,40.47,40.51
2014-10-13,41.2,41.5,40.9,40.92
2014-10-14,41.06,41.42,40.84,41.16
2014-10-15,40.6,40.81,39.78,40.64
2014-10-16,39.7,40.72,39.68,40.27
2014-10-17,40.71,41.0,40.48,40.72
2014-10-20,40.68,40.89,40.59,40.84
2014-10-21,40.76,41.17,40.73,41.0099
2014-10-22,40.96,41.04,40.6,40.74
2014-10-23,40.84,40.97,40.68,40.73
2014-10-24,40.77,41.215,40.74,41.02
2014-10-27,40.37,40.76,40.28,40.7
2014-10-28,41.19,41.64,41.18,41.52
2014-10-29,41.91,42.02,41.32,41.58
2014-10-30,41.66,42.14,41.66,41.97
2014-10-31,42.16,42.33,41.995,42.15
2014-11-03,42.01,42.035,41.7,41.8
2014-11-04,41.85,41.88,41.55,41.84
2014-11-05,41.5,41.545,41.23,41.47
2014-11-06,41.35,41.41,40.94,40.96
2014-11-07,41.08,41.28,41.01,41.22
2014-11-10,41.66,41.69,41.3,41.33
2014-11-11,41.2,41.36,41.14,41.29
2014-11-12,41.31,41.5,41.17,41.21
2014-11-13,41.39,41.405,40.99,41.1
2014-11-14,41.03,41.46,40.995,41.44
2014-11-17,41.09,41.09,40.92,41.0
2014-11-18,41.06,41.25,41.05,41.22
2014-11-19,41.09,41.36,40.91,41.2
2014-11-20,41.17,41.32,41.1,41.13
2014-11-21,42.19,42.46,41.98,42.44
2014-11-24,42.21,42.23,42.05,42.09
2014-11-25,42.16,42.2,41.79,41.82
2014-11-26,42.19,42.38,42.15,42.349
2014-11-28,41.87,41.88,41.48,41.5
2014-12-01,41.05,41.06,40.74,40.79
2014-12-02,40.91,40.95,40.74,40.78
2014-12-03,40.88,41.055,40.84,40.89
2014-12-04,41.08,41.1,40.87,40.96
2014-12-05,40.76,41.0,40.67,40.88
2014-12-08,40.61,40.62,40.22,40.28
2014-12-09,39.8,39.93,39.67,39.9
2014-12-10,39.79,39.8,39.27,39.31
2014-12-11,39.14,39.35,38.92,38.98
2014-12-12,38.9,38.91,38.33,38.34
2014-12-15,38.42,38.45,37.59,37.79
2014-12-16,37.37,38.315,37.225,37.73
2014-12-17,37.35,38.55,37.31,38.05
2014-12-18,38.63,38.87,38.31,38.57
2014-12-19,38.64,39.02,38.63,38.84
2014-12-22,39.31,39.45,39.23,39.38
2014-12-23,39.06,39.09,38.8,39.02
2014-12-24,39.09,39.16,38.92,39.11
2014-12-26,39.47,39.63,39.39,39.42
2014-12-29,39.43,39.51,39.18,39.18
2014-12-30,39.13,39.34,39.12,39.26
2014-12-31,39.47,39.49,39.21,39.29
2015-01-02,39.19,39.21,38.675,38.77
2015-01-05,38.52,38.52,38.02,38.08
2015-01-06,38.09,38.26,37.72,37.92
2015-01-07,38.57,38.77,38.44,38.74
2015-01-08,39.31,39.58,39.26,39.4
2015-01-09,39.52,39.5399,39.15,39.27
2015-01-12,39.15,39.2,38.9,38.95
2015-01-13,39.45,39.65,38.97,39.29
2015-01-14,38.86,39.16,38.76,39.07
2015-01-15,39.59,39.725,39.1,39.16
2015-01-16,39.13,39.54,39.07,39.49
2015-01-20,39.41,39.46,39.22,39.43
2015-01-21,39.76,40.34,39.74,40.3
2015-01-22,40.51,41.11,40.32,41.07
2015-01-23,40.82,40.96,40.74,40.76
2015-01-26,40.63,40.91,40.57,40.78
2015-01-27,40.3,40.66,40.29,40.56
2015-01-28,40.46,40.5,40.01,40.12
2015-01-29,40.07,40.15,39.72,40.12
2015-01-30,39.3,39.55,39.02,39.02
2015-02-02,39.53,39.87,39.44,39.72
2015-02-03,40.16,40.52,40.11,40.47
2015-02-04,40.425,40.64,40.21,40.27
2015-02-05,40.15,40.54,40.14,40.51
2015-02-06,39.91,40.12,39.71,39.82
2015-02-09,39.69,39.89,39.68,39.76
2015-02-10,39.63,39.72,39.5,39.66
2015-02-11,39.34,39.49,39.1,39.37
2015-02-12,39.8,40.27,39.77,40.21
2015-02-13,40.43,40.69,40.43,40.67
2015-02-17,40.55,40.6,40.24,40.58
2015-02-18,40.38,40.64,40.27,40.57
2015-02-19,40.24,40.61,40.2,40.4
2015-02-20,40.25,40.725,40.16,40.67
2015-02-23,40.42,40.46,40.17,40.26
2015-02-24,40.48,40.96,40.26,40.84
2015-02-25,40.72,40.865,40.67,40.76
2015-02-26,40.81,40.87,40.7039,40.77
2015-02-27,40.69,41.0,40.69,40.74
2015-03-02,40.64,40.71,40.53,40.68
2015-03-03,40.44,40.49,40.35,40.365
2015-03-04,40.05,40.07,39.76,39.93
2015-03-05,40.0,40.07,39.74,39.87
2015-03-06,39.54,39.62,39.17,39.26
2015-03-09,39.24,39.27,39.11,39.11
2015-03-10,38.52,38.55,38.22,38.24
2015-03-11,38.47,38.6,38.36,38.53
2015-03-12,39.04,39.08,38.705,38.77
2015-03-13,38.47,38.47,38.065,38.3
2015-03-16,38.68,38.8,38.595,38.76
2015-03-17,38.8,39.23,38.76,39.21
2015-03-18,39.12,40.3,39.04,40.17
2015-03-19,39.8,39.81,39.365,39.49
2015-03-20,39.87,40.17,39.84,40.08
2015-03-23,40.16,40.27,40.0,40.2
2015-03-24,40.25,40.38,40.2001,40.36
2015-03-25,40.35,40.39,39.69,39.72
2015-03-26,39.53,39.57,39.19,39.35
2015-03-27,39.36,39.5,39.28,39.46
2015-03-30,39.92,40.3,39.9,40.22
2015-03-31,39.97,40.1872,39.85,40.13
2015-04-01,40.45,40.68,40.36,40.63
2015-04-02,40.98,41.34,40.9,41.24
2015-04-06,41.63,42.0,41.59,41.77
2015-04-07,41.68,41.8,41.55,41.56
2015-04-08,42.52,42.59,42.195,42.43
2015-04-09,42.68,42.87,42.53,42.85
2015-04-10,42.66,42.89,42.63,42.88
2015-04-13,42.96,43.11,42.605,42.63
2015-04-14,42.73,42.91,42.54,42.82
2015-04-15,42.81,43.14,42.73,43.12
2015-04-16,43.24,43.71,43.17,43.46
2015-04-17,42.55,42.77,42.445,42.7
2015-04-20,42.65,42.79,42.62,42.66
2015-04-21,43.02,43.105,42.89,42.91
2015-04-22,43.2,43.41,43.09,43.37
2015-04-23,43.26,43.79,43.24,43.69
2015-04-24,43.87,43.9,43.78,43.845
2015-04-27,44.02,44.12,43.93,44.02
2015-04-28,44.04,44.186,43.895,44.09
2015-04-29,43.65,43.77,43.42,43.54
2015-04-30,43.19,43.2,42.87,42.88
2015-05-01,43.09,43.26,42.87,43.14
2015-05-04,43.16,43.46,43.135,43.39
2015-05-05,43.19,43.25,42.91,42.92
2015-05-06,42.98,43.02,42.31,42.39
2015-05-07,42.14,42.34,42.06,42.33
2015-05-08,42.82,43.07,42.69,42.87
2015-05-11,42.82,42.89,42.42,42.46
2015-05-12,42.13,42.43,42.1,42.32
2015-05-13,42.71,42.79,42.37,42.4
2015-05-14,42.69,42.89,42.63,42.82
2015-05-15,42.79,43.16,42.69,43.15
2015-05-18,42.91,42.93,42.69,42.71
2015-05-19,42.81,42.84,42.7,42.78
2015-05-20,42.69,42.87,42.54,42.75
2015-05-21,42.44,42.63,42.38,42.6
2015-05-22,42.82,42.87,42.65,42.74
2015-05-26,42.47,42.475,41.93,42.06
2015-05-27,41.73,42.1,41.66,42.07
2015-05-28,41.43,41.57,41.28,41.52
2015-05-29,41.45,41.49,41.07,41.12
2015-06-01,41.14,41.16,40.87,40.96
2015-06-02,40.92,41.2998,40.86,41.12
2015-06-03,40.94,41.06,40.81,40.91
2015-06-04,40.55,40.68,40.27,40.29
2015-06-05,39.98,40.31,39.905,40.11
2015-06-08,40.17,40.22,40.06,40.1
2015-06-09,39.94,39.97,39.81,39.86
2015-06-10,40.24,40.49,40.22,40.44
2015-06-11,40.34,40.355,40.13,40.24
2015-06-12,40.25,40.29,40.12,40.24
2015-06-15,39.76,39.84,39.665,39.79
2015-06-16,39.65,39.86,39.57,39.8
2015-06-17,39.81,40.27,39.58,40.04
2015-06-18,40.35,40.56,40.28,40.41
2015-06-19,40.22,40.36,40.06,40.06
2015-06-22,40.75,40.77,40.59,40.64
2015-06-23,40.8,41.06,40.79,41.04
2015-06-24,41.0,41.07,40.75,40.75
2015-06-25,40.5,40.52,40.28,40.31
2015-06-26,39.95,40.15,39.89,39.93
2015-06-29,39.29,39.44,39.03,39.04
2015-06-30,39.74,39.76,39.48,39.62
2015-07-01,39.84,39.86,39.5,39.59
2015-07-02,39.83,40.02,39.75,39.78
2015-07-06,38.72,38.94,38.515,38.67
2015-07-07,37.94,38.16,37.41,38.09
2015-07-08,37.08,37.25,36.715,36.78
2015-07-09,37.9,38.03,37.48,37.49
2015-07-10,38.43,38.57,38.185,38.44
2015-07-13,38.69,38.79,38.595,38.7
2015-07-14,38.52,38.8,38.48,38.77
2015-07-15,38.53,38.56,38.29,38.33
2015-07-16,38.76,38.865,38.65,38.81
2015-07-17,38.87,38.88,38.69,38.76
2015-07-20,38.39,38.59,38.22,38.51
2015-07-21,38.68,38.71,38.495,38.52
2015-07-22,38.2,38.21,37.93,37.97
2015-07-23,37.95,37.98,37.565,37.6
2015-07-24,37.29,37.3,36.87,37.06
2015-07-27,36.44,36.575,36.27,36.36
2015-07-28,36.64,36.76,36.4,36.73
2015-07-29,36.82,37.25,36.71,37.09
2015-07-30,36.68,36.79,36.49,36.72
2015-07-31,37.065,37.2561,36.97,37.12
2015-08-03,36.67,36.7,36.36,36.5
2015-08-04,36.81,36.93,36.52,36.63
2015-08-05,36.975,37.01,36.57,36.64
2015-08-06,36.45,36.47,36.22,36.32
2015-08-07,36.32,36.46,36.22,36.3
2015-08-10,36.52,36.99,36.48,36.91
2015-08-11,36.04,36.15,35.78,36.1
2015-08-12,35.45,35.55,35.25,35.54
2015-08-13,35.55,35.705,35.42,35.48
2015-08-14,35.57,35.68,35.49,35.53
2015-08-17,35.02,35.18,34.95,35.14
2015-08-18,34.75,34.85,34.64,34.76
2015-08-19,34.5,34.68,34.045,34.33
2015-08-20,33.87,33.97,33.7,33.79
2015-08-21,33.29,33.45,32.71,32.75
2015-08-24,30.53,32.22,30.0,31.32
2015-08-25,33.26,33.28,31.72,31.72
2015-08-26,32.51,32.9,31.91,32.77
2015-08-27,33.41,34.28,33.4,34.22
2015-08-28,33.7,34.01,33.59,33.78
2015-08-31,33.53,33.9,33.245,33.84
2015-09-01,32.81,33.02,32.36,32.53
2015-09-02,33.04,33.05,32.6315,33.0
2015-09-03,33.06,33.565,33.01,33.13
2015-09-04,32.51,32.61,31.945,32.14
2015-09-08,33.02,33.21,32.86,33.16
2015-09-09,33.78,33.84,32.99,32.99
2015-09-10,33.08,33.53,32.9997,33.33
2015-09-11,33.235,33.5,33.17,33.46
2015-09-14,33.35,33.45,33.15,33.41
2015-09-15,33.4,33.82,33.36,33.73
2015-09-16,34.28,34.69,34.23,34.55
2015-09-17,34.28,35.35,34.26,34.47
2015-09-18,34.13,34.375,33.69,33.83
2015-09-21,33.84,33.905,33.64,33.77
2015-09-22,33.04,33.17,32.88,33.14
2015-09-23,32.99,33.03,32.6,32.61
2015-09-24,32.1,32.6272,31.94,32.47
2015-09-25,32.935,32.94,32.351,32.4
2015-09-28,32.14,32.15,31.61,31.71
2015-09-29,31.82,32.02,31.64,31.86
2015-09-30,32.69,32.85,32.48,32.78
2015-10-01,33.05,33.12,32.71,32.96
2015-10-02,32.81,33.85,32.69,33.84
2015-10-05,34.23,34.59,34.17,34.57
2015-10-06,34.45,34.59,34.32,34.51
2015-10-07,35.36,35.65,35.16,35.43
2015-10-08,35.22,35.86,35.18,35.81
2015-10-09,36.17,36.26,35.77,35.94
2015-10-12,36.0,36.02,35.63,35.67
2015-10-13,35.25,35.55,35.06,35.09
2015-10-14,35.34,35.525,35.24,35.36
2015-10-15,35.94,36.24,35.7337,36.22
2015-10-16,36.09,36.26,35.9,36.25
2015-10-19,35.87,35.9,35.7,35.88
2015-10-20,35.79,35.93,35.71,35.87
2015-10-21,35.64,35.67,35.33,35.35
2015-10-22,35.72,36.16,35.72,36.08
2015-10-23,36.35,36.42,36.145,36.29
2015-10-26,36.11,36.13,35.915,35.96
2015-10-27,35.58,35.71,35.47,35.55
2015-10-28,35.63,35.8,34.94,35.14
2015-10-29,34.8,34.97,34.74,34.81
2015-10-30,35.07,35.08,34.85,34.87
2015-11-02,35.17,35.56,35.15,35.56
2015-11-03,35.46,36.17,35.45,36.03
2015-11-04,36.25,36.27,35.63,35.74
2015-11-05,35.71,35.92,35.57,35.8
2015-11-06,35.01,35.35,34.82,35.3
2015-11-09,34.79,34.91,34.34,34.42
2015-11-10,34.27,34.36,34.12,34.27
2015-11-11,34.54,34.5462,34.275,34.34
2015-11-12,34.19,34.42,33.98,34.01
2015-11-13,33.775,33.81,33.44,33.54
2015-11-16,33.64,34.2,33.58,34.19
2015-11-17,34.24,34.295,34.03,34.09
2015-11-18,34.045,34.5,34.02,34.4592
2015-11-19,34.68,34.86,34.62,34.77
2015-11-20,35.11,35.3,35.01,35.12
2015-11-23,34.97,35.04,34.7601,34.79
2015-11-24,34.555,35.03,34.525,34.97
2015-11-25,34.75,34.78,34.57,34.7
2015-11-27,34.24,34.25,33.9,33.94
2015-11-30,33.85,34.03,33.77,33.99
2015-12-01,34.16,34.3,34.09,34.25
2015-12-02,34.05,34.1,33.7,33.84
2015-12-03,33.965,33.99,33.52,33.65
2015-12-04,33.37,33.94,33.37,33.88
2015-12-07,33.56,33.58,33.23,33.317
2015-12-08,32.64,32.98,32.56,32.95
2015-12-09,32.85,33.19,32.605,32.68
2015-12-10,32.585,32.72,32.39,32.4592
2015-12-11,31.79,31.825,31.5,31.55
2015-12-14,31.88,32.08,31.59,32.06
2015-12-15,32.46,32.68,32.45,32.55
2015-12-16,32.8,33.36,32.66,33.19
2015-12-17,33.21,33.24,32.76,32.76
2015-12-18,32.77,32.86,32.58,32.65
2015-12-21,32.46,32.49,32.17,32.4
2015-12-22,32.41,32.675,32.37,32.66
2015-12-23,32.905,33.15,32.9,33.12
2015-12-24,32.93,33.06,32.91,33.0
2015-12-28,32.74,32.79,32.63,32.77
2015-12-29,32.86,32.93,32.76,32.8
2015-12-30,32.48,32.53,32.27,32.29
2015-12-31,32.29,32.417,32.18,32.19
2016-01-04,31.35,31.38,31.05,31.31
2016-01-05,31.45,31.5,31.3,31.38
2016-01-06,30.79,30.99,30.66,30.7792
2016-01-07,29.99,30.41,29.81,29.83
2016-01-08,30.025,30.135,29.5,29.51
2016-01-11,29.79,29.81,29.23,29.5
2016-01-12,29.705,29.85,29.35,29.56
2016-01-13,29.9,30.0,29.18,29.25
2016-01-14,29.28,29.74,29.06,29.63
2016-01-15,28.47,28.65,28.08,28.455
2016-01-19,29.2,29.24,28.66,28.88
2016-01-20,28.17,28.46,27.61,28.25
2016-01-21,28.24,28.73,28.03,28.36
2016-01-22,29.26,29.34,29.06,29.33
2016-01-25,29.13,29.25,28.81,28.825
2016-01-26,28.99,29.295,28.935,29.25
2016-01-27,29.24,29.5599,28.95,29.15
2016-01-28,29.72,29.785,29.355,29.61
2016-01-29,30.08,30.595,30.05,30.57
2016-02-01,30.055,30.365,29.975,30.28
2016-02-02,29.78,29.82,29.22,29.3
2016-02-03,29.61,30.15,29.12,30.13
2016-02-04,30.36,30.74,30.165,30.36
2016-02-05,30.24,30.34,29.89,30.01
2016-02-08,29.55,29.735,29.25,29.6
2016-02-09,29.04,29.53,28.89,29.19
2016-02-10,29.52,29.85,29.3,29.31
2016-02-11,28.72,29.02,28.6,28.82
2016-02-12,29.07,29.33,28.93,29.32
2016-02-16,29.87,30.01,29.743,29.97
2016-02-17,30.24,30.63,30.21,30.56
2016-02-18,30.67,30.67,30.31,30.38
2016-02-19,30.19,30.39,30.075,30.24
2016-02-22,30.75,30.99,30.7,30.99
2016-02-23,30.64,30.69,30.29,30.33
2016-02-24,29.84,30.365,29.67,30.26
2016-02-25,30.22,30.4,29.995,30.36
2016-02-26,30.56,30.58,30.03,30.06
2016-02-29,30.36,30.61,30.29,30.32
2016-03-01,30.9,31.42,30.89,31.4
2016-03-02,31.44,31.84,31.37,31.82
2016-03-03,31.85,32.19,31.81,32.18
2016-03-04,32.49,32.96,32.41,32.82
2016-03-07,32.5,32.93,32.47,32.77
2016-03-08,32.37,32.42,32.085,32.21
2016-03-09,32.42,32.59,32.31,32.41
2016-03-10,32.6,32.66,31.99,32.46
2016-03-11,32.95,33.21,32.91,33.14
2016-03-14,33.03,33.15,32.845,32.94
2016-03-15,32.44,32.48,32.29,32.47
2016-03-16,32.21,33.21,32.2,33.12
2016-03-17,33.57,33.93,33.3975,33.85
2016-03-18,34.02,34.19,33.99,34.0285
2016-03-21,33.99,34.18,33.94,34.1
2016-03-22,33.8,34.16,33.79,34.02
2016-03-23,33.74,33.74,33.4,33.44
2016-03-24,33.08,33.37,33.0,33.36
2016-03-28,33.38,33.48,33.32,33.47
2016-03-29,33.27,33.94,33.2,33.93
2016-03-30,34.44,34.58,34.27,34.28
2016-03-31,34.4,34.51,34.15,34.25
2016-04-01,33.52,34.21,33.42,34.15
2016-04-04,34.13,34.1399,33.71,33.74
2016-04-05,33.21,33.32,33.02,33.08
2016-04-06,32.99,33.49,32.9,33.48
2016-04-07,33.04,33.11,32.725,32.81
2016-04-08,33.53,33.57,33.25,33.38
2016-04-11,33.93,34.05,33.76,33.81
2016-04-12,33.93,34.44,33.78,34.33
2016-04-13,34.88,34.96,34.725,34.94
2016-04-14,34.88,34.91,34.72,34.77
2016-04-15,34.73,34.79,34.565,34.57
2016-04-18,34.45,34.9,34.38,34.73
2016-04-19,35.07,35.34,35.025,35.26
2016-04-20,34.98,35.28,34.855,35.1
2016-04-21,35.01,35.01,34.68,34.75
2016-04-22,34.61,34.85,34.51,34.54
2016-04-25,34.52,34.52,34.265,34.3192
2016-04-26,34.58,34.7,34.48,34.69
2016-04-27,34.55,34.96,34.45,34.9
2016-04-28,34.55,34.85,34.46,34.54
2016-04-29,34.44,34.58,34.11,34.39
2016-05-02,34.39,34.4,34.14,34.295
2016-05-03,33.65,33.71,33.32,33.33
2016-05-04,33.12,33.18,32.77,32.79
2016-05-05,33.11,33.15,32.68,32.78
2016-05-06,32.67,32.97,32.645,32.83
2016-05-09,32.76,32.77,32.32,32.41
2016-05-10,32.77,33.05,32.76,33.03
2016-05-11,33.0,33.18,32.87,32.95
2016-05-12,33.14,33.195,32.74,32.86
2016-05-13,32.58,32.72,32.205,32.27
2016-05-16,32.59,32.77,32.58,32.66
2016-05-17,32.59,32.745,32.42,32.51
2016-05-18,32.29,32.63,32.01,32.19
2016-05-19,31.92,31.995,31.7,31.89
2016-05-20,32.19,32.3,32.15,32.21
2016-05-23,32.14,32.345,32.12,32.15
2016-05-24,32.32,32.55,32.29,32.48
2016-05-25,32.79,33.02,32.77,32.87
2016-05-26,33.13,33.19,32.91,33.09
2016-05-27,33.21,33.275,32.99,33.08
2016-05-31,33.16,33.3,33.0328,33.12
2016-06-01,32.99,33.17,32.91,33.1
2016-06-02,33.07,33.4099,33.02,33.37
2016-06-03,33.78,33.9,33.52,33.88
2016-06-06,34.01,34.3,33.98,34.24
2016-06-07,34.46,34.59,34.43,34.55
2016-06-08,34.78,34.86,34.66,34.8
2016-06-09,34.33,34.48,34.28,34.4
2016-06-10,33.7,33.845,33.45,33.53
2016-06-13,33.09,33.37,33.02,33.06
2016-06-14,32.96,33.12,32.68,32.95
2016-06-15,33.29,33.59,33.18,33.3
2016-06-16,32.7,33.21,32.49,33.18
2016-06-17,33.24,33.29,33.02,33.27
2016-06-20,33.9,34.08,33.825,33.86
2016-06-21,34.02,34.22,33.83,34.12
2016-06-22,34.08,34.16,33.88,33.94
2016-06-23,34.4,34.76,34.25,34.76
2016-06-24,32.76,33.46,32.57,32.64
2016-06-27,32.5,32.505,31.89,32.23
2016-06-28,33.0,33.2,32.88,33.18
2016-06-29,33.82,34.02,33.76,34.02
2016-06-30,34.17,34.45,34.01,34.36
2016-07-01,34.62,34.75,34.54,34.69
2016-07-05,34.205,34.24,33.9,33.95
2016-07-06,33.49,33.86,33.325,33.86
2016-07-07,34.02,34.12,33.67,33.77
2016-07-08,34.15,34.51,34.11,34.5
2016-07-11,34.79,34.95,34.765,34.83
2016-07-12,35.29,35.43,35.185,35.32
2016-07-13,35.33,35.35,35.035,35.26
2016-07-14,35.65,35.87,35.57,35.77
2016-07-15,35.74,35.765,35.55,35.69
2016-07-18,35.58,36.02,35.58,36.005
2016-07-19,35.69,35.755,35.52,35.64
2016-07-20,35.72,35.9,35.62,35.82
2016-07-21,35.74,35.89,35.6135,35.705
2016-07-22,35.825,35.98,35.72,35.97
2016-07-25,35.84,35.85,35.58,35.61
2016-07-26,35.81,35.96,35.755,35.89
2016-07-27,35.95,36.12,35.65,36.01
2016-07-28,35.95,36.02,35.79,36.02
2016-07-29,36.03,36.25,35.87,36.205
2016-08-01,36.3,36.36,36.09,36.14
2016-08-02,36.08,36.165,35.62,35.88
2016-08-03,35.63,36.02,35.55,36.0
2016-08-04,36.1,36.35,36.02,36.2
2016-08-05,36.46,36.66,36.36,36.62
2016-08-08,36.86,36.96,36.8201,36.88
2016-08-09,37.02,37.28,37.01,37.13
2016-08-10,37.32,37.34,37.03,37.14
2016-08-11,37.29,37.64,37.24,37.62
2016-08-12,37.5,37.6,37.3301,37.48
2016-08-15,37.76,37.9775,37.75,37.87
2016-08-16,37.79,37.79,37.5701,37.7
2016-08-17,37.41,37.56,37.095,37.46
2016-08-18,37.7,37.83,37.595,37.81
2016-08-19,37.4,37.63,37.24,37.6
2016-08-22,37.25,37.25,36.99,37.1
2016-08-23,37.42,37.5,36.92,36.95
2016-08-24,36.89,37.1,36.82,37.05
2016-08-25,36.91,37.1,36.91,37.08
2016-08-26,37.16,37.55,36.465,36.76
2016-08-29,36.76,37.09,36.745,37.04
2016-08-30,37.09,37.22,36.88,36.94
2016-08-31,36.75,36.79,36.42,36.53
2016-09-01,36.565,36.81,36.48,36.81
2016-09-02,37.31,37.43,37.15,37.41
2016-09-06,37.91,38.2352,37.83,38.21
2016-09-07,38.22,38.235,38.01,38.09
2016-09-08,38.1,38.21,37.9,37.99
2016-09-09,37.4,37.41,36.69,36.71
2016-09-12,36.21,37.1,36.14,36.96
2016-09-13,36.41,36.55,35.85,36.03
2016-09-14,36.15,36.54,36.12,36.14
2016-09-15,36.4,36.855,36.24,36.76
2016-09-16,36.46,36.56,36.175,36.51
2016-09-19,36.97,37.1,36.74,36.8
2016-09-20,37.09,37.09,36.81,36.82
2016-09-21,37.18,37.9,37.065,37.85
2016-09-22,38.18,38.315,37.98,38.12
2016-09-23,37.81,37.91,37.61,37.63
2016-09-26,37.29,37.38,37.08,37.08
2016-09-27,37.35,37.61,37.19,37.61
2016-09-28,37.67,37.98,37.33,37.95
2016-09-29,37.75,37.85,37.18,37.29
2016-09-30,37.455,37.59,37.28,37.45
2016-10-03,37.53,37.78,37.38,37.71
2016-10-04,37.73,37.815,37.165,37.29
2016-10-05,37.67,37.88,37.55,37.83
2016-10-06,37.63,37.889,37.54,37.86
2016-10-07,37.91,37.96,37.4,37.69
2016-10-10,37.94,38.19,37.88,38.1
2016-10-11,37.44,37.46,37.035,37.22
2016-10-12,37.1,37.285,36.98,37.15
2016-10-13,36.58,36.96,36.38,36.82
2016-10-14,37.13,37.21,36.81,36.88
2016-10-17,36.83,36.98,36.795,36.84
2016-10-18,37.47,37.56,37.34,37.49
2016-10-19,37.67,37.8,37.53,37.72
2016-10-20,37.59,37.77,37.47,37.61
2016-10-21,37.39,37.63,37.34,37.6
2016-10-24,37.9,37.93,37.66,37.76
2016-10-25,37.73,37.87,37.67,37.8
2016-10-26,37.38,37.5766,37.28,37.4
2016-10-27,37.43,37.43,37.05,37.08
2016-10-28,37.12,37.28,36.75,36.93
2016-10-31,37.1,37.265,37.045,37.14
2016-11-01,37.28,37.29,36.55,36.84
2016-11-02,36.7,36.8,36.2325,36.4
2016-11-03,36.44,36.545,36.17,36.3
2016-11-04,36.01,36.18,35.88,35.93
2016-11-07,36.805,37.27,36.75,37.23
2016-11-08,37.06,37.67,36.97,37.47
2016-11-09,36.34,36.69,36.09,36.26
2016-11-10,35.92,36.05,35.04,35.22
2016-11-11,34.55,34.84,34.12,34.55
2016-11-14,34.32,34.5,34.03,34.3
2016-11-15,34.57,35.05,34.55,34.99
2016-11-16,34.58,34.79,34.515,34.7
2016-11-17,34.82,35.02,34.685,34.75
2016-11-18,34.82,34.89,34.57,34.59
2016-11-21,34.9,35.03,34.83,34.93
2016-11-22,35.44,35.48,35.2,35.46
2016-11-23,34.96,35.13,34.88,35.08
2016-11-25,35.28,35.31,35.2,35.25
2016-11-28,35.39,35.53,35.345,35.39
2016-11-29,35.28,35.55,35.24,35.44
2016-11-30,35.6,35.65,35.48,35.5
2016-12-01,35.4,35.48,35.07,35.08
2016-12-02,35.08,35.29,35.06,35.12
2016-12-05,35.29,35.44,35.27,35.41
2016-12-06,35.52,35.61,35.43,35.6
2016-12-07,35.82,36.245,35.755,36.2
2016-12-08,36.1,36.41,36.08,36.36
2016-12-09,36.14,36.28,36.07,36.17
2016-12-12,35.97,36.1,35.83,35.93
2016-12-13,36.14,36.41,36.13,36.33
2016-12-14,36.04,36.17,35.24,35.25
2016-12-15,35.27,35.45,35.1735,35.31
2016-12-16,35.23,35.34,35.05,35.15
2016-12-19,35.17,35.18,34.91,34.91
2016-12-20,35.01,35.095,34.94,35.03
2016-12-21,34.69,34.7,34.46,34.49
2016-12-22,34.12,34.14,33.94,34.08
2016-12-23,34.11,34.28,34.08,34.28
2016-12-27,34.36,34.47,34.35,34.43
2016-12-28,34.715,34.76,34.6,34.69
2016-12-29,35.04,35.3,35.02,35.26
2016-12-30,35.25,35.27,34.905,35.01
2017-01-03,35.39,35.65,35.3,35.43
2017-01-04,35.63,35.77,35.61,35.7
2017-01-05,35.96,36.15,35.94,36.09
2017-01-06,35.97,36.0,35.84,35.94
2017-01-09,35.92,36.0,35.865,35.91
2017-01-10,36.13,36.32,36.1,36.12
2017-01-11,36.19,36.58,36.05,36.55
2017-01-12,36.7,36.71,36.52,36.71
2017-01-13,36.57,36.71,36.53,36.68
2017-01-17,36.6,36.72,36.55,36.66
2017-01-18,36.68,36.69,36.39,36.46
2017-01-19,36.47,36.48,36.2,36.35
2017-01-20,36.39,36.47,36.22,36.42
2017-01-23,36.67,36.97,36.65,36.96
2017-01-24,37.12,37.33,37.1,37.19
2017-01-25,37.445,37.62,37.36,37.6
2017-01-26,37.59,37.605,37.41,37.44
2017-01-27,37.44,37.52,37.32,37.47
2017-01-30,37.2,37.28,37.11,37.27
2017-01-31,37.31,37.41,37.2,37.34
2017-02-01,37.49,37.56,37.26,37.36
2017-02-02,37.48,37.56,37.4225,37.52
2017-02-03,37.69,37.82,37.6,37.75
2017-02-06,37.71,37.75,37.63,37.66
2017-02-07,37.575,37.62,37.43,37.47
2017-02-08,37.495,37.74,37.48,37.7
2017-02-09,37.86,37.935,37.81,37.87
2017-02-10,37.96,38.22,37.94,38.22
2017-02-13,38.215,38.38,38.21,38.34
2017-02-14,38.34,38.38,38.03,38.38
2017-02-15,38.39,38.71,38.35,38.69
2017-02-16,38.73,38.73,38.52,38.55
2017-02-17,38.25,38.4,38.22,38.39
2017-02-21,38.625,38.82,38.59,38.81
2017-02-22,38.75,38.93,38.73,38.93
2017-02-23,39.13,39.15,38.88,38.94
2017-02-24,38.47,38.56,38.42,38.48
2017-02-27,38.37,38.48,38.27,38.36
2017-02-28,38.32,38.33,37.98,37.99
2017-03-01,38.3,38.605,38.28,38.58
2017-03-02,38.2,38.27,37.89,37.9
2017-03-03,38.08,38.23,37.96,38.19
2017-03-06,38.25,38.26,38.09,38.21
2017-03-07,38.33,38.35,38.18,38.25
2017-03-08,38.16,38.22,37.86,37.89
2017-03-09,37.7,37.76,37.39,37.59
2017-03-10,37.89,38.01,37.8,38.01
2017-03-13,38.405,38.57,38.37,38.54
2017-03-14,38.42,38.47,38.29,38.32
2017-03-15,38.515,39.39,38.4101,39.32
2017-03-16,39.6,39.65,39.44,39.56
2017-03-17,39.6,39.62,39.46,39.49
2017-03-20,39.74,40.06,39.68,39.985
2017-03-21,40.15,40.23,39.48,39.51
2017-03-22,39.475,39.79,39.38,39.7
2017-03-23,39.555,39.85,39.55,39.71
2017-03-24,39.68,39.88,39.67,39.81
2017-03-27,39.55,39.77,39.43,39.7
2017-03-28,39.67,39.9284,39.67,39.81
2017-03-29,39.72,39.91,39.64,39.88
2017-03-30,39.715,39.8363,39.64,39.67
2017-03-31,39.42,39.48,39.31,39.39
2017-04-03,39.51,39.65,39.365,39.61
2017-04-04,39.53,39.69,39.455,39.63
2017-04-05,39.795,39.9,39.49,39.51
2017-04-06,39.47,39.54,39.32,39.44
2017-04-07,39.36,39.55,39.33,39.37
2017-04-10,39.22,39.26,39.09,39.21
2017-04-11,39.2,39.25,38.89,39.12
2017-04-12,39.29,39.32,39.065,39.31
2017-04-13,39.4,39.5,39.13,39.14
2017-04-17,39.32,39.55,39.26,39.55
2017-04-18,39.105,39.24,38.96,39.05
2017-04-19,39.145,39.16,38.7125,38.81
2017-04-20,39.225,39.3,39.11,39.29
2017-04-21,39.3,39.35,39.215,39.29
2017-04-24,39.87,39.93,39.75,39.85
2017-04-25,40.14,40.31,40.1,40.2
2017-04-26,40.13,40.25,40.0,40.05
2017-04-27,40.13,40.14,39.88,40.0
2017-04-28,40.04,40.13,39.93,40.06
2017-05-01,40.245,40.4,40.15,40.29
2017-05-02,40.46,40.63,40.41,40.58
2017-05-03,40.41,40.45,40.2,40.31
2017-05-04,40.09,40.11,39.83,39.86
2017-05-05,39.8,40.19,39.79,40.19
2017-05-08,40.3,40.4,40.1525,40.18
2017-05-09,40.49,40.81,40.46,40.69
2017-05-10,40.81,40.96,40.76,40.96
2017-05-11,41.01,41.115,40.81,41.05
2017-05-12,41.11,41.26,41.1,41.22
2017-05-15,41.43,41.66,41.4,41.64
2017-05-16,41.61,41.7,41.53,41.68
2017-05-17,41.32,41.37,40.945,40.97
2017-05-18,39.98,40.645,39.82,40.29
2017-05-19,40.88,41.23,40.87,41.15
2017-05-22,41.19,41.32,41.15,41.19
2017-05-23,41.22,41.2775,41.12,41.23
2017-05-24,41.235,41.46,41.2,41.39
2017-05-25,41.61,41.725,41.505,41.59
2017-05-26,41.67,41.76,41.625,41.74
2017-05-30,41.51,41.58,41.44,41.52
2017-05-31,41.4,41.4175,41.13,41.2
2017-06-01,41.31,41.56,41.21,41.55
2017-06-02,41.7,41.79,41.6,41.76
2017-06-05,41.75,41.85,41.67,41.71
2017-06-06,41.66,41.82,41.64,41.73
2017-06-07,41.6,41.7566,41.45,41.68
2017-06-08,41.96,41.98,41.771,41.93
2017-06-09,41.96,42.035,41.38,41.61
2017-06-12,41.37,41.42,41.19,41.39
2017-06-13,41.605,41.64,41.45,41.59
2017-06-14,41.9,41.92,41.44,41.58
2017-06-15,41.08,41.17,40.9,41.15
2017-06-16,41.24,41.29,41.04,41.22
2017-06-19,41.47,41.7,41.44,41.63
2017-06-20,41.32,41.33,40.95,40.98
2017-06-21,41.17,41.27,41.0,41.07
2017-06-22,41.29,41.45,41.19,41.28
2017-06-23,41.35,41.58,41.32,41.5
2017-06-26,41.89,42.0067,41.7629,41.9
2017-06-27,41.67,41.77,41.4,41.41
2017-06-28,41.53,41.77,41.43,41.73
2017-06-29,41.525,41.54,40.92,41.2
2017-06-30,41.445,41.57,41.36,41.39
2017-07-03,41.62,41.76,41.535,41.63
2017-07-05,41.39,41.57,41.185,41.55
2017-07-06,41.25,41.33,40.99,41.05
2017-07-07,41.16,41.23,40.95,41.13
2017-07-10,41.27,41.5477,41.245,41.52
2017-07-11,41.74,41.91,41.62,41.86
2017-07-12,42.45,42.76,42.42,42.67
2017-07-13,42.74,42.9,42.7,42.88
2017-07-14,43.17,43.45,43.145,43.42
2017-07-17,43.25,43.279,43.13,43.22
2017-07-18,43.14,43.39,43.08,43.35
2017-07-19,43.75,43.7958,43.61,43.71
2017-07-20,43.745,43.76,43.56,43.66
2017-07-21,43.67,43.68,43.51,43.63
2017-07-24,43.815,43.82,43.63,43.76
2017-07-25,43.81,43.87,43.64,43.65
2017-07-26,43.72,44.06,43.66,44.01
2017-07-27,44.145,44.16,43.46,43.77
2017-07-28,43.61,43.76,43.495,43.75
2017-07-31,43.84,43.84,43.68,43.8
2017-08-01,44.0,44.03,43.88,43.93
2017-08-02,44.01,44.05,43.74,43.97
2017-08-03,43.76,43.79,43.57,43.79
2017-08-04,43.89,43.98,43.69,43.95
2017-08-07,44.11,44.28,44.08,44.25
2017-08-08,44.37,44.58,44.2,44.26
2017-08-09,43.75,43.89,43.625,43.86
2017-08-10,43.49,43.5,42.8,42.82
2017-08-11,42.87,43.1,42.72,42.92
2017-08-14,43.39,43.57,43.31,43.36
2017-08-15,43.325,43.44,43.24,43.41
2017-08-16,43.77,43.89,43.705,43.86
2017-08-17,43.76,43.83,43.24,43.3
2017-08-18,43.47,43.85,43.2935,43.67
2017-08-21,43.77,43.92,43.67,43.83
2017-08-22,44.14,44.38,44.1,44.32
2017-08-23,44.24,44.57,44.21,44.53
2017-08-24,44.73,44.77,44.53,44.67
2017-08-25,44.92,45.07,44.84,44.93
2017-08-28,44.91,44.91,44.68,44.77
2017-08-29,44.33,44.7,44.26,44.69
2017-08-30,44.63,44.79,44.6,44.76
2017-08-31,44.77,44.93,44.72,44.83
2017-09-01,45.01,45.18,44.945,45.16
2017-09-05,44.81,44.9,44.34,44.57
2017-09-06,44.74,44.91,44.665,44.86
2017-09-07,45.08,45.19,45.02,45.19
2017-09-08,45.12,45.125,44.81,44.89
2017-09-11,45.26,45.52,45.25,45.49
2017-09-12,45.4,45.53,45.37,45.44
2017-09-13,45.26,45.33,45.1,45.2
2017-09-14,45.09,45.335,45.05,45.32
2017-09-15,45.4,45.65,45.31,45.59
2017-09-18,45.875,45.96,45.685,45.75
2017-09-19,45.775,45.86,45.64,45.85
2017-09-20,45.87,45.94,45.21,45.64
2017-09-21,45.775,45.79,45.5448,45.64
2017-09-22,45.39,45.47,45.31,45.38
2017-09-25,45.0,45.0,44.435,44.61
2017-09-26,44.7,44.76,44.42,44.49
2017-09-27,44.36,44.445,44.09,44.33
2017-09-28,44.095,44.36,44.09,44.3
2017-09-29,44.64,44.92,44.55,44.81
2017-10-02,44.805,45.025,44.79,44.82
2017-10-03,45.18,45.54,45.13,45.53
2017-10-04,45.51,45.63,45.46,45.52
2017-10-05,45.71,45.99,45.695,45.86
2017-10-06,45.44,45.66,45.31,45.63
2017-10-09,45.51,45.6,45.43,45.6
2017-10-10,45.95,46.08,45.89,46.05
2017-10-11,46.04,46.28,46.03,46.26
2017-10-12,46.275,46.37,46.2,46.24
2017-10-13,46.66,46.75,46.6,46.66
2017-10-16,46.775,46.82,46.62,46.63
2017-10-17,46.51,46.53,46.295,46.39
2017-10-18,46.55,46.65,46.41,46.5
2017-10-19,46.02,46.115,45.89,46.09
2017-10-20,46.32,46.35,46.18,46.26
2017-10-23,46.18,46.19,45.88,45.89
2017-10-24,45.98,46.14,45.88,45.89
2017-10-25,46.07,46.13,45.43,45.79
2017-10-26,45.82,45.91,45.47,45.48
2017-10-27,45.72,46.19,45.58,46.14
2017-10-30,45.985,46.11,45.79,45.85
2017-10-31,46.13,46.28,46.06,46.28
2017-11-01,46.7,46.8499,46.49,46.52
2017-11-02,46.59,46.625,46.36,46.58
2017-11-03,46.54,46.56,46.094,46.34
2017-11-06,46.56,46.87,46.54,46.86
2017-11-07,46.81,46.87,46.49,46.56
2017-11-08,46.7,46.805,46.62,46.78
2017-11-09,46.46,46.59,46.14,46.49
2017-11-10,46.43,46.455,46.185,46.29
2017-11-13,46.13,46.29,46.02,46.19
2017-11-14,46.11,46.16,45.82,45.88
2017-11-15,45.65,45.765,45.45,45.64
2017-11-16,46.31,46.73,46.295,46.59
2017-11-17,46.725,47.02,46.7,46.82
2017-11-20,46.77,47.1,46.75,47.06
2017-11-21,47.63,47.88,47.61,47.69
2017-11-22,47.84,47.93,47.645,47.81
2017-11-24,47.66,47.74,47.61,47.71
2017-11-27,47.31,47.33,46.99,47.01
2017-11-28,47.39,47.52,47.18,47.36
2017-11-29,47.17,47.17,46.5,46.61
2017-11-30,46.47,46.48,46.07,46.1
2017-12-01,45.98,46.065,45.62,45.84
2017-12-04,46.35,46.425,45.89,45.93
2017-12-05,45.96,46.21,45.855,45.9
2017-12-06,45.18,45.38,45.06,45.28
2017-12-07,45.1,45.53,45.05,45.41
2017-12-08,45.92,46.0,45.74,45.94
2017-12-11,46.12,46.26,46.1,46.17
2017-12-12,45.74,45.955,45.66,45.86
2017-12-13,46.145,46.557,46.14,46.41
2017-12-14,46.255,46.38,46.07,46.07
2017-12-15,46.16,46.26,45.93,46.17
2017-12-18,46.57,46.85,46.53,46.69
2017-12-19,46.07,46.07,45.68,45.75
2017-12-20,45.96,46.02,45.8,45.81
2017-12-21,46.0,46.27,45.97,46.11
2017-12-22,46.29,46.51,46.23,46.5
2017-12-26,46.42,46.47,46.26,46.46
2017-12-27,46.52,46.64,46.45,46.58
2017-12-28,47.01,47.05,46.79,46.9
2017-12-29,47.28,47.32,47.06,47.12
2018-01-02,47.78,48.07,47.73,48.01
2018-01-03,48.285,48.535,48.275,48.47
2018-01-04,48.59,48.78,48.57,48.71
2018-01-05,48.82,49.14,48.77,49.13
2018-01-08,49.06,49.22,49.02,49.13
2018-01-09,49.12,49.13,48.83,49.05
2018-01-10,48.68,48.84,48.53,48.74
2018-01-11,48.67,49.0475,48.66,49.04
2018-01-12,49.14,49.54,49.01,49.51
2018-01-16,49.7,49.85,49.23,49.32
2018-01-17,49.7,50.09,49.63,49.97
2018-01-18,49.96,50.1,49.894,50.03
2018-01-19,50.28,50.44,50.125,50.44
2018-01-22,50.41,50.735,50.3,50.73
2018-01-23,50.73,50.99,50.65,50.97
2018-01-24,51.3,51.52,51.04,51.4
2018-01-25,51.45,51.83,51.21,51.37
2018-01-26,51.73,52.08,51.61,52.08
2018-01-29,51.45,51.51,51.22,51.29
2018-01-30,50.74,50.8,50.38,50.59
2018-01-31,51.28,51.34,50.635,51.03
2018-02-01,50.57,50.85,50.3,50.34
2018-02-02,49.82,49.85,49.01,49.05
2018-02-05,48.98,49.48,47.33,47.33
2018-02-06,47.32,49.28,47.18,48.87
2018-02-07,48.0,48.52,47.3,47.33
2018-02-08,47.63,47.67,45.63,45.69
2018-02-09,46.31,46.78,45.035,46.42
2018-02-12,47.075,47.4899,46.66,47.15
2018-02-13,47.22,47.649,47.17,47.51
2018-02-14,47.41,48.8161,47.39,48.7
2018-02-15,49.56,49.86,48.99,49.7
2018-02-16,49.34,49.99,49.33,49.54
2018-02-20,48.66,49.03,48.59,48.86
2018-02-21,49.3,49.86,48.78,48.82
2018-02-22,48.97,49.3475,48.81,48.85
2018-02-23,49.45,49.74,49.24,49.72
2018-02-26,49.85,50.18,49.57,50.18
2018-02-27,49.53,49.59,48.72,48.72
2018-02-28,48.83,48.885,48.02,48.02
2018-03-01,48.37,48.75,47.5,47.93
2018-03-02,47.35,48.225,47.105,48.13
2018-03-05,47.61,48.29,47.55,48.2
2018-03-06,49.01,49.03,48.52,48.65
2018-03-07,48.34,48.73,48.12,48.7
2018-03-08,48.79,48.84,48.48,48.71
2018-03-09,49.11,49.77,49.07,49.75
2018-03-12,49.81,49.97,49.61,49.87
2018-03-13,50.1,50.18,49.24,49.42
2018-03-14,49.79,49.86,49.225,49.5
2018-03-15,49.66,49.73,49.1407,49.32
2018-03-16,49.14,49.35,49.12,49.21
2018-03-19,48.89,49.0,48.39,48.68
2018-03-20,49.09,49.34,48.98,49.22
2018-03-21,49.16,49.7,49.01,49.51
2018-03-22,48.37,48.61,47.78,47.86
2018-03-23,47.94,48.025,46.865,46.89
2018-03-26,48.1,48.47,47.545,48.41
2018-03-27,48.45,48.52,47.42,47.53
2018-03-28,47.38,47.55,46.97,47.29
2018-03-29,47.63,48.45,47.57,48.28
2018-04-02,47.95,48.17,46.96,47.41
2018-04-03,47.84,47.94,47.46,47.88
2018-04-04,46.59,47.93,46.541,47.9
2018-04-05,48.09,48.26,47.83,48.02
2018-04-06,47.54,47.87,46.8,47.08
2018-04-09,47.42,47.655,47.12,47.13
2018-04-10,47.82,48.12,47.61,48.05
2018-04-11,47.7485,48.1761,47.74,48.07
2018-04-12,47.97,48.19,47.89,48.05
2018-04-13,48.01,48.06,47.44,47.57
2018-04-16,47.5,47.665,47.35,47.63
2018-04-17,47.42,47.865,47.4,47.73
2018-04-18,47.91,48.31,47.84,48.14
2018-04-19,48.26,48.29,47.7025,47.86
2018-04-20,47.59,47.615,47.05,47.26
2018-04-23,47.17,47.3,46.775,46.88
2018-04-24,47.26,47.36,46.43,46.66
2018-04-25,46.31,46.41,46.01,46.3
2018-04-26,46.57,46.995,46.535,46.97
2018-04-27,47.24,47.335,46.97,47.26
2018-04-30,47.43,47.49,46.91,46.92
2018-05-01,46.64,46.76,46.1,46.69
2018-05-02,46.74,46.84,46.28,46.32
2018-05-03,46.29,46.35,45.601,46.22
2018-05-04,45.77,46.59,45.725,46.43
2018-05-07,46.05,46.35,46.02,46.16
2018-05-08,46.27,46.44,45.975,46.42
2018-05-09,46.56,46.61,46.27,46.51
2018-05-10,47.07,47.65,46.99,47.48
2018-05-11,47.68,47.73,47.275,47.4
2018-05-14,47.66,47.78,47.39,47.46
2018-05-15,46.58,46.7,46.28,46.48
2018-05-16,46.92,47.27,46.92,47.18
2018-05-17,46.67,46.8,46.305,46.46
2018-05-18,46.05,46.19,45.94,46.07
2018-05-21,46.445,46.54,46.16,46.35
2018-05-22,46.55,46.75,46.45,46.51
2018-05-23,45.96,46.53,45.95,46.49
2018-05-24,46.24,46.33,45.73,46.24
2018-05-25,46.23,46.5005,46.19,46.43
2018-05-29,45.74,45.88,45.12,45.35
2018-05-30,45.36,45.76,45.16,45.71
2018-05-31,45.65,45.92,45.46,45.69
2018-06-01,46.06,46.35,46.0,46.33
2018-06-04,46.72,46.91,46.7,46.8
2018-06-05,46.66,46.74,46.42,46.44
2018-06-06,46.84,47.15,46.74,47.14
2018-06-07,46.97,47.02,46.13,46.42
2018-06-08,46.17,46.53,45.99,46.33
2018-06-11,46.38,46.5,46.26,46.33
2018-06-12,46.31,46.365,46.03,46.21
2018-06-13,46.29,46.36,45.62,45.9
2018-06-14,45.9,45.99,45.54,45.59
2018-06-15,45.17,45.29,44.92,45.23
2018-06-18,44.585,44.74,44.34,44.68
2018-06-19,43.57,43.985,43.41,43.9
2018-06-20,44.3,44.355,44.035,44.09
2018-06-21,43.82,43.84,43.41,43.47
2018-06-22,44.1,44.12,43.77,43.92
2018-06-25,43.51,43.555,42.9,43.33
2018-06-26,43.35,43.425,43.05,43.16
2018-06-27,43.1,43.11,42.2,42.33
2018-06-28,42.29,42.71,42.15,42.69
2018-06-29,43.235,43.45,43.2,43.33
2018-07-02,42.62,42.97,42.525,42.9
2018-07-03,43.18,43.215,42.87,42.93
2018-07-05,43.05,43.09,42.65,42.82
2018-07-06,42.95,43.58,42.92,43.41
2018-07-09,44.01,44.2,43.79,44.19
2018-07-10,44.05,44.11,43.74,44.09
2018-07-11,43.37,43.58,43.06,43.23
2018-07-12,43.76,43.915,43.6,43.82
2018-07-13,43.77,43.9485,43.62,43.85
2018-07-16,43.64,43.7,43.45,43.61
2018-07-17,43.44,44.01,43.39,43.93
2018-07-18,43.69,43.92,43.56,43.88
2018-07-19,43.2,43.525,43.055,43.34
2018-07-20,43.77,44.04,43.7439,43.96
2018-07-23,43.76,43.775,43.53,43.67
2018-07-24,44.39,44.57,44.175,44.31
2018-07-25,44.6,45.06,44.48,45.03
2018-07-26,44.65,44.78,44.495,44.53
2018-07-27,44.86,44.95,44.445,44.69
2018-07-30,44.79,44.86,44.485,44.62
2018-07-31,44.62,44.93,44.51,44.86
2018-08-01,44.47,44.69,44.34,44.46
2018-08-02,43.55,43.94,43.46,43.87
2018-08-03,44.02,44.26,43.97,44.21
2018-08-06,43.89,44.02,43.765,43.87
2018-08-07,44.38,44.55,44.3,44.32
2018-08-08,44.23,44.32,44.09,44.26
2018-08-09,44.32,44.42,44.1,44.13
2018-08-10,43.14,43.33,43.045,43.19
2018-08-13,42.79,42.89,42.365,42.48
2018-08-14,42.64,42.86,42.56,42.74
2018-08-15,41.54,41.71,41.13,41.51
2018-08-16,41.92,42.11,41.75,41.77
2018-08-17,41.62,42.31,41.52,42.21
2018-08-20,42.31,42.44,42.17,42.4
2018-08-21,42.83,43.11,42.8,42.94
2018-08-22,42.98,43.35,42.98,43.28
2018-08-23,43.13,43.26,42.53,42.58
2018-08-24,43.22,43.4,43.08,43.37
2018-08-27,43.77,44.16,43.76,43.99
2018-08-28,44.11,44.18,43.74,43.83
2018-08-29,43.73,44.12,43.64,44.1
2018-08-30,43.42,43.42,42.8,42.95
2018-08-31,42.89,43.31,42.84,43.17
2018-09-04,42.49,42.49,42.225,42.33
2018-09-05,41.84,41.91,41.59,41.72
2018-09-06,41.8,41.91,41.48,41.76
2018-09-07,41.63,41.9385,41.385,41.55
2018-09-10,41.54,41.54,41.09,41.14
2018-09-11,40.74,41.24,40.63,41.23
2018-09-12,41.04,41.69,40.89,41.44
2018-09-13,42.06,42.28,41.81,42.0
2018-09-14,42.23,42.28,41.76,41.96
2018-09-17,41.65,41.81,41.52,41.58
2018-09-18,41.78,42.05,41.77,41.98
2018-09-19,42.33,42.61,42.32,42.56
2018-09-20,42.93,43.06,42.69,43.03
2018-09-21,43.09,43.3,43.025,43.23
2018-09-24,42.73,42.79,42.585,42.74
2018-09-25,42.81,43.01,42.755,42.91
2018-09-26,42.98,43.51,42.94,43.0
2018-09-27,43.13,43.35,43.09,43.21
2018-09-28,42.89,43.15,42.78,42.92
2018-10-01,43.13,43.16,42.83,42.93
2018-10-02,42.37,42.6,42.255,42.39
2018-10-03,42.69,42.715,41.92,42.04
2018-10-04,41.61,41.62,40.81,40.99
2018-10-05,41.01,41.08,40.463,40.84
2018-10-08,40.56,40.99,40.48,40.9
2018-10-09,40.57,40.96,40.43,40.75
2018-10-10,40.54,40.55,39.525,39.54
2018-10-11,39.32,39.74,38.77,39.14
2018-10-12,40.26,40.36,39.745,40.29
2018-10-15,39.94,40.1399,39.78,39.86
2018-10-16,40.36,40.9,40.29,40.86
2018-10-17,40.55,40.58,40.16,40.36
2018-10-18,39.93,39.96,39.16,39.3
2018-10-19,39.91,40.155,39.575,39.67
2018-10-22,40.34,40.42,39.92,40.1
2018-10-23,39.15,39.89,38.93,39.66
2018-10-24,39.46,39.51,38.36,38.38
2018-10-25,38.82,39.3899,38.71,39.12
2018-10-26,38.305,38.97,38.135,38.67
2018-10-29,39.01,39.07,37.575,38.0
2018-10-30,38.225,38.75,38.145,38.74
2018-10-31,39.16,39.39,39.0,39.16
2018-11-01,39.78,40.59,39.56,40.56
2018-11-02,41.25,41.4,40.41,40.82
2018-11-05,40.81,41.02,40.705,40.93
2018-11-06,40.727,40.93,40.64,40.86
2018-11-07,41.41,41.7,41.1536,41.63
2018-11-08,41.09,41.23,40.42,40.55
2018-11-09,39.93,39.98,39.49,39.8
2018-11-12,39.665,39.74,39.14,39.24
2018-11-13,39.62,40.075,39.44,39.69
2018-11-14,40.06,40.19,39.57,39.93
2018-11-15,40.14,41.05,40.06,40.82
2018-11-16,40.49,41.11,40.37,40.9
2018-11-19,40.62,40.68,40.24,40.35
2018-11-20,39.72,39.91,39.34,39.48
2018-11-21,40.21,40.48,40.13,40.21
2018-11-23,39.74,39.95,39.71,39.74
2018-11-26,40.3,40.42,40.08,40.23
2018-11-27,40.09,40.51,40.03,40.51
2018-11-28,40.79,41.51,40.47,41.48
2018-11-29,41.19,41.4,40.92,41.12
2018-11-30,40.96,41.1667,40.8,41.08
2018-12-03,42.13,42.15,41.7,41.91
2018-12-04,41.95,42.02,40.9232,41.02
2018-12-06,39.93,40.68,39.68,40.64
2018-12-07,40.58,40.85,39.78,39.88
2018-12-10,39.61,39.68,38.97,39.46
2018-12-11,40.02,40.03,39.48,39.76
2018-12-12,40.5,40.78,40.38,40.41
2018-12-13,40.56,40.68,40.35,40.4
2018-12-14,39.89,40.18,39.8,39.83
2018-12-17,39.89,40.04,39.33,39.46
2018-12-18,39.17,39.38,39.03,39.14
2018-12-19,39.33,39.73,38.17,38.49
2018-12-20,38.88,39.13,38.46,38.79
2018-12-21,38.9,39.11,38.32,38.52
2018-12-24,38.44,38.72,38.16,38.16
2018-12-26,38.41,38.96,38.04,38.92
2018-12-27,38.4,38.91,38.245,38.87
2018-12-28,39.19,39.455,39.0,39.24
2018-12-31,39.5,39.54,38.93,39.06
2019-01-02,38.59,39.185,38.575,39.16
2019-01-03,38.73,38.76,38.3,38.45
2019-01-04,39.01,39.8584,38.92,39.69
2019-01-07,39.72,39.95,39.495,39.78
2019-01-08,39.8,40.0,39.57,39.93
2019-01-09,40.34,40.86,40.33,40.64
2019-01-10,40.42,40.96,40.42,40.93
2019-01-11,40.6,40.8,40.5,40.73
2019-01-14,40.21,40.575,40.14,40.39
2019-01-15,40.62,40.89,40.55,40.67
2019-01-16,40.96,41.31,40.95,41.17
2019-01-17,40.84,41.55,40.8,41.35
2019-01-18,41.52,41.7189,41.4224,41.55
2019-01-22,41.06,41.15,40.65,40.83
2019-01-23,41.21,41.28,40.895,41.25
2019-01-24,41.28,41.68,41.28,41.65
2019-01-25,42.1,42.31,42.04,42.2
2019-01-28,41.57,41.79,41.44,41.76
2019-01-29,41.97,41.99,41.73,41.83
2019-01-30,42.08,42.825,41.88,42.74
2019-01-31,42.79,43.14,42.78,43.1
2019-02-01,42.78,42.84,42.63,42.76
2019-02-04,42.625,42.95,42.54,42.83
2019-02-05,43.03,43.46,42.96,43.42
2019-02-06,43.22,43.25,42.74,42.83
2019-02-07,42.49,42.71,42.03,42.4
2019-02-08,42.09,42.23,41.845,42.16
2019-02-11,42.24,42.26,42.0,42.02
2019-02-12,42.37,42.55,42.31,42.37
2019-02-13,42.39,42.47,41.97,42.07
2019-02-14,41.82,42.3,41.74,42.15
2019-02-15,42.13,42.13,41.95,42.09
2019-02-19,41.93,42.51,41.93,42.42
2019-02-20,42.645,42.93,42.54,42.66
2019-02-21,42.63,42.67,42.37,42.57
2019-02-22,42.93,43.16,42.84,43.04
2019-02-25,43.515,43.73,43.42,43.52
2019-02-26,43.22,43.52,43.19,43.37
2019-02-27,43.09,43.16,42.85,43.0
2019-02-28,42.72,42.7356,42.44,42.44
2019-03-01,42.78,42.805,42.41,42.49
2019-03-04,42.72,42.78,42.18,42.55
2019-03-05,42.75,43.04,42.6648,42.97
2019-03-06,42.99,43.05,42.66,42.73
2019-03-07,42.48,42.49,41.87,41.94
2019-03-08,41.44,41.675,41.39,41.64
2019-03-11,42.01,42.47,42.01,42.42
2019-03-12,42.64,42.75,42.555,42.64
2019-03-13,42.66,42.75,42.55,42.69
2019-03-14,42.5158,42.54,42.2944,42.46
2019-03-15,42.85,43.14,42.82,43.08
2019-03-18,43.39,43.5799,43.33,43.56
2019-03-19,43.61,43.74,43.48,43.58
2019-03-20,43.44,44.01,43.14,43.65
2019-03-21,43.42,43.72,43.32,43.71
2019-03-22,43.05,43.15,42.39,42.43
2019-03-25,42.34,42.66,42.3,42.53
2019-03-26,42.67,42.78,42.43,42.66
2019-03-27,42.44,42.53,42.06,42.2
2019-03-28,42.34,42.53,42.19,42.48
2019-03-29,42.95,43.0,42.72,42.92
2019-04-01,43.5,43.67,43.4,43.63
2019-04-02,43.67,43.69,43.35,43.49
2019-04-03,43.91,44.14,43.73,43.79
2019-04-04,43.78,44.14,43.755,44.06
2019-04-05,44.18,44.42,44.1416,44.4
2019-04-08,44.18,44.44,44.105,44.4
2019-04-09,44.43,44.455,44.27,44.31
2019-04-10,44.5,44.64,44.41,44.52
2019-04-11,44.2,44.23,43.92,44.04
2019-04-12,44.48,44.52,44.26,44.36
2019-04-15,44.32,44.34,43.96,44.13
2019-04-16,44.32,44.52,44.32,44.46
2019-04-17,44.77,44.84,44.48,44.59
2019-04-18,44.43,44.65,44.3,44.56
2019-04-22,44.14,44.32,44.06,44.27
2019-04-23,44.197,44.45,44.145,44.37
2019-04-24,44.07,44.08,43.63,43.77
2019-04-25,43.5,43.72,43.37,43.71
2019-04-26,43.78,43.96,43.64,43.88
2019-04-29,44.0,44.05,43.88,43.97
2019-04-30,43.85,44.025,43.63,43.93
2019-05-01,44.01,44.35,43.54,43.6
2019-05-02,43.7,43.85,43.45,43.7
2019-05-03,44.02,44.28,43.955,44.22
2019-05-06,42.84,43.39,42.79,43.31
2019-05-07,42.86,42.86,42.21,42.46
2019-05-08,42.58,42.76,42.38,42.4
2019-05-09,41.45,41.93,41.15,41.73
2019-05-10,41.85,42.11,41.34,41.98
2019-05-13,40.68,40.87,40.38,40.58
2019-05-14,41.13,41.3,40.98,41.15
2019-05-15,40.9,41.305,40.84,41.23
2019-05-16,41.17,41.4195,41.01,41.03
2019-05-17,40.35,40.63,40.25,40.29
2019-05-20,40.17,40.2968,39.97,40.12
2019-05-21,40.39,40.64,40.29,40.63
2019-05-22,40.58,40.62,40.39,40.43
2019-05-23,39.88,40.08,39.75,39.91
2019-05-24,40.22,40.27,39.91,39.95
2019-05-28,40.37,40.42,40.01,40.09
2019-05-29,39.93,40.37,39.88,40.35
2019-05-30,40.48,40.73,40.445,40.57
2019-05-31,40.38,40.805,40.35,40.71
2019-06-03,41.045,41.3,40.97,41.08
2019-06-04,40.91,41.2,40.82,41.17
2019-06-05,41.22,41.235,40.73,40.84
2019-06-06,40.835,40.95,40.69,40.86
2019-06-07,41.08,41.52,41.06,41.18
2019-06-10,41.56,41.8057,41.47,41.61
2019-06-11,42.15,42.2175,41.96,42.08
2019-06-12,41.78,41.8093,41.55,41.63
2019-06-13,41.685,41.76,41.43,41.56
2019-06-14,41.29,41.31,41.08,41.1
2019-06-17,40.82,41.03,40.815,40.95
2019-06-18,41.4,42.03,41.39,41.94
2019-06-19,42.02,42.5,41.92,42.29
2019-06-20,43.18,43.21,42.735,42.91
2019-06-21,42.74,42.87,42.67,42.77
2019-06-24,42.745,42.82,42.665,42.71
2019-06-25,42.54,42.59,42.21,42.27
2019-06-26,42.6,42.82,42.57,42.67
2019-06-27,42.85,42.99,42.78,42.97
2019-06-28,42.97,42.995,42.78,42.91
2019-07-01,43.7,43.74,43.26,43.42
2019-07-02,43.38,43.41,43.19,43.31
2019-07-03,43.11,43.23,43.05,43.23
2019-07-05,42.93,43.03,42.71,42.93
2019-07-08,42.63,42.73,42.56,42.67
2019-07-09,42.33,42.585,42.32,42.54
2019-07-10,42.97,43.13,42.86,42.9
2019-07-11,43.05,43.05,42.7,42.82
2019-07-12,42.86,42.89,42.68,42.85
2019-07-15,43.03,43.1,42.97,43.01
2019-07-16,43.06,43.18,42.91,42.95
2019-07-17,42.93,43.01,42.77,42.82
2019-07-18,42.8,43.13,42.7775,43.08
2019-07-19,43.2,43.22,42.82,42.86
2019-07-22,42.97,43.03,42.84,42.87
2019-07-23,42.92,43.02,42.75,42.92
2019-07-24,42.87,43.02,42.87,42.99
2019-07-25,42.9,43.11,42.53,42.61
2019-07-26,42.78,42.82,42.58,42.7
2019-07-29,42.56,42.65,42.41,42.62
2019-07-30,42.29,42.43,42.16,42.29
2019-07-31,42.27,42.295,41.28,41.77
2019-08-01,41.78,42.1,40.84,40.95
2019-08-02,40.79,40.88,40.43,40.55
2019-08-05,39.43,39.51,38.85,39.05
2019-08-06,39.72,39.81,39.35,39.61
2019-08-07,39.205,39.81,39.05,39.79
2019-08-08,40.04,40.3,39.9419,40.28
2019-08-09,40.03,40.09,39.695,39.87
2019-08-12,39.37,39.515,39.28,39.39
2019-08-13,39.09,40.11,39.02,39.89
2019-08-14,39.09,39.19,38.72,38.74
2019-08-15,39.1,39.16,38.81,39.0
2019-08-16,39.36,39.635,39.36,39.54
2019-08-19,40.04,40.05,39.67,39.7
2019-08-20,39.83,39.97,39.73,39.78
2019-08-21,40.2,40.2,39.97,40.16
2019-08-22,39.86,39.92,39.53,39.64
2019-08-23,39.55,39.925,38.99,39.05
2019-08-26,39.33,39.38,39.16,39.26
2019-08-27,39.53,39.67,39.295,39.33
2019-08-28,39.26,39.51,39.16,39.44
2019-08-29,39.69,39.91,39.55,39.88
2019-08-30,40.21,40.215,39.96,40.19
2019-09-03,39.73,39.95,39.73,39.94
2019-09-04,40.49,40.66,40.4,40.61
2019-09-05,41.09,41.22,41.045,41.07
2019-09-06,41.3,41.39,41.2,41.25
2019-09-09,41.36,41.5,41.25,41.38
2019-09-10,41.34,41.485,41.17,41.41
2019-09-11,41.56,41.73,41.485,41.7
2019-09-12,41.97,42.25,41.82,42.0
2019-09-13,42.25,42.35,42.16,42.24
2019-09-16,41.91,42.11,41.81,41.91
2019-09-17,41.53,41.94,41.5,41.91
2019-09-18,41.84,41.895,41.41,41.74
2019-09-19,41.74,41.875,41.5,41.57
2019-09-20,41.88,41.93,41.44,41.61
2019-09-23,41.41,41.67,41.41,41.65
2019-09-24,41.63,41.64,41.165,41.21
2019-09-25,40.935,41.27,40.7916,41.18
2019-09-26,41.25,41.3,41.05,41.17
2019-09-27,41.17,41.265,40.4943,40.64
2019-09-30,40.98,41.1,40.82,40.87
2019-10-01,40.9,40.91,40.55,40.58
2019-10-02,40.28,40.34,40.07,40.27
2019-10-03,40.41,40.79,40.3,40.79
2019-10-04,40.67,41.05,40.625,40.97
2019-10-07,40.72,40.93,40.595,40.63
2019-10-08,40.55,40.6,40.31,40.34
2019-10-09,40.67,40.81,40.6,40.65
2019-10-10,40.8,41.24,40.79,41.07
2019-10-11,41.695,42.045,41.625,41.73
2019-10-14,41.68,41.74,41.54,41.55
2019-10-15,41.67,42.01,41.645,41.92
2019-10-16,41.88,42.08,41.79,42.04
2019-10-17,42.37,42.39,42.14,42.2
2019-10-18,42.11,42.215,41.87,41.98
2019-10-21,42.16,42.365,42.095,42.36
2019-10-22,42.39,42.535,42.33,42.39
2019-10-23,42.22,42.445,42.19,42.4
2019-10-24,42.575,42.59,42.37,42.4
2019-10-25,42.4,42.725,42.38,42.7
2019-10-28,42.9,43.06,42.88,42.95
2019-10-29,42.73,42.86,42.69,42.73
2019-10-30,42.63,42.92,42.45,42.92
2019-10-31,42.76,42.77,42.36,42.58
2019-11-01,43.03,43.25,43.01,43.22
2019-11-04,43.77,43.82,43.58,43.65
2019-11-05,43.91,43.94,43.7,43.9
2019-11-06,43.87,43.91,43.62,43.76
2019-11-07,44.09,44.25,44.025,44.08
2019-11-08,43.73,43.825,43.59,43.68
2019-11-11,43.14,43.415,43.095,43.37
2019-11-12,43.255,43.28,43.01,43.09
2019-11-13,42.66,42.84,42.6,42.76
2019-11-14,42.72,42.85,42.57,42.79
2019-11-15,43.07,43.22,43.03,43.13
2019-11-18,43.14,43.22,43.015,43.06
2019-11-19,43.38,43.38,43.09,43.15
2019-11-20,43.0,43.16,42.78,42.96
2019-11-21,42.79,42.89,42.68,42.87
2019-11-22,42.95,42.99,42.77,42.87
2019-11-25,43.14,43.34,43.1,43.3
2019-11-26,43.06,43.19,42.89,43.17
2019-11-27,43.09,43.24,43.0144,43.22
2019-11-29,42.64,42.72,42.54,42.54
2019-12-02,42.665,42.68,42.37,42.53
2019-12-03,42.16,42.32,41.97,42.31
2019-12-04,42.63,42.7,42.57,42.63
2019-12-05,42.72,42.88,42.65,42.82
2019-12-06,43.07,43.13,42.98,43.07
2019-12-09,43.03,43.17,42.88,42.9
2019-12-10,42.99,43.135,42.91,43.05
2019-12-11,43.29,43.72,43.27,43.68
2019-12-12,43.81,44.5,43.77,44.44
2019-12-13,44.55,44.87,44.3,44.42
2019-12-16,43.89,44.01,43.82,43.86
2019-12-17,44.2,44.31,44.122,44.26
2019-12-18,44.46,44.51,44.36,44.5
2019-12-19,44.36,44.53,44.33,44.52
2019-12-20,44.57,44.6672,44.5,44.61
2019-12-23,44.59,44.67,44.5439,44.67
2019-12-24,44.58,44.62,44.48,44.57
2019-12-26,44.74,44.91,44.72,44.89
2019-12-27,45.18,45.2,44.95,45.07
2019-12-30,45.18,45.18,44.71,44.77
2019-12-31,44.795,44.92,44.675,44.87
2020-01-02,45.36,45.78,45.35,45.78
2020-01-03,45.03,45.26,44.91,44.93
2020-01-06,44.6,44.87,44.59,44.82
2020-01-07,44.79,44.9,44.69,44.79
2020-01-08,44.725,45.3,44.69,45.05
2020-01-09,45.48,45.48,45.255,45.35
2020-01-10,45.64,45.77,45.53,45.59
2020-01-13,45.91,46.32,45.81,46.3
2020-01-14,46.03,46.07,45.82,46.04
2020-01-15,45.87,45.92,45.605,45.68
2020-01-16,45.98,46.04,45.83,45.97
2020-01-17,46.12,46.26,46.01,46.23
2020-01-21,45.27,45.35,45.03,45.06
2020-01-22,45.56,45.58,45.3,45.43
2020-01-23,44.72,45.1,44.48,44.96
2020-01-24,45.02,45.03,44.39,44.6
2020-01-27,42.74,44.9678,42.66,43.06
2020-01-28,43.22,43.5,43.03,43.42
2020-01-29,43.76,43.79,43.5,43.63
2020-01-30,42.66,43.03,42.43,42.98
2020-01-31,42.3,42.33,41.88,42.11
2020-02-03,42.27,42.68,42.26,42.58
2020-02-04,43.68,43.93,43.65,43.68
2020-02-05,44.46,44.47,43.9,43.93
2020-02-06,44.33,44.345,43.96,43.97
2020-02-07,43.53,43.55,43.25,43.36
2020-02-10,43.38,43.63,43.38,43.6
2020-02-11,44.14,44.41,44.08,44.17
2020-02-12,44.59,44.8387,44.5,44.77
2020-02-13,44.29,44.45,44.155,44.18
2020-02-14,44.46,44.47,44.04,44.2
2020-02-18,43.89,44.045,43.81,43.91
2020-02-19,44.25,44.33,44.19,44.23
2020-02-20,43.88,44.3376,43.395,43.54
2020-02-21,43.44,43.5286,43.23,43.29
2020-02-24,41.46,41.91,41.43,41.67
2020-02-25,42.28,42.345,41.34,41.34
2020-02-26,41.83,42.24,41.64,41.67
2020-02-27,41.21,41.515,40.663,40.67
2020-02-28,39.545,40.62,39.28,40.52
2020-03-02,40.64,41.41,40.395,41.4
2020-03-03,41.41,42.08,40.83,41.12
2020-03-04,41.74,41.93,41.51,41.85
2020-03-05,41.52,41.68,40.8,40.97
2020-03-06,40.27,40.385,39.805,40.13
2020-03-09,37.23,38.1,36.6,37.39
2020-03-10,38.95,39.33,38.17,39.29
2020-03-11,38.2,38.325,37.22,37.46
2020-03-12,34.13,34.67,32.89,33.71
2020-03-13,36.61,36.7,34.38,36.14
2020-03-16,32.0,33.48,31.59,31.63
2020-03-17,32.56,33.81,32.025,33.81
2020-03-18,30.91,32.02,30.15,30.89
2020-03-19,30.805,31.55,30.25,31.13
2020-03-20,32.59,32.72,31.25,31.36
2020-03-23,31.06,31.155,30.095,30.61
2020-03-24,32.61,32.97,32.35,32.91
2020-03-25,33.51,34.53,33.185,34.07
2020-03-26,34.36,35.445,34.28,35.36
2020-03-27,33.45,33.96,33.19,33.35
2020-03-30,33.47,33.93,33.215,33.9
2020-03-31,33.98,34.545,33.92,34.13
2020-04-01,33.1,33.33,32.62,32.67
2020-04-02,33.29,33.935,33.2,33.77
2020-04-03,33.69,33.86,32.95,33.13
2020-04-06,34.44,34.95,34.295,34.94
2020-04-07,36.09,36.12,35.045,35.12
2020-04-08,35.21,35.57,34.94,35.48
2020-04-09,35.86,36.09,35.26,35.35
2020-04-13,35.34,35.45,35.0,35.4
2020-04-14,36.21,36.48,36.005,36.21
2020-04-15,35.35,35.46,35.12,35.28
2020-04-16,35.78,35.82,35.355,35.47
2020-04-17,36.43,36.475,36.0,36.26
2020-04-20,35.88,36.235,35.73,35.8
2020-04-21,34.98,35.18,34.74,34.81
2020-04-22,35.78,35.87,35.69,35.76
2020-04-23,36.04,36.29,35.61,35.63
2020-04-24,35.69,35.74,35.25,35.58
2020-04-27,36.05,36.37,35.995,36.3
2020-04-28,36.82,36.85,36.35,36.37
2020-04-29,36.99,37.5,36.92,37.43
2020-04-30,37.24,37.36,36.4,36.64
2020-05-01,35.75,35.88,35.2,35.32
2020-05-04,35.46,35.74,35.32,35.7
2020-05-05,36.06,36.24,35.86,35.9
2020-05-06,36.12,36.16,35.765,35.79
2020-05-07,36.13,36.24,35.91,36.08
2020-05-08,36.54,36.95,36.51,36.84
2020-05-11,36.62,36.84,36.56,36.6
2020-05-12,36.9,37.16,36.45,36.46
2020-05-13,36.87,36.95,36.15,36.39
2020-05-14,35.69,36.59,35.555,36.53
2020-05-15,35.96,36.2,35.84,36.03
2020-05-18,36.92,37.52,36.905,37.44
2020-05-19,37.38,37.56,37.12,37.14
2020-05-20,37.73,37.91,37.425,37.63
2020-05-21,37.4,37.53,37.02,37.2
2020-05-22,36.62,36.62,36.31,36.43
2020-05-26,37.58,37.73,37.19,37.23
2020-05-27,37.4,37.43,36.91,37.35
2020-05-28,37.47,37.65,37.07,37.09
2020-05-29,37.35,37.8,37.09,37.73
2020-06-01,38.08,38.63,38.01,38.6
2020-06-02,39.07,39.57,38.98,39.52
2020-06-03,40.05,40.52,39.99,40.44
2020-06-04,39.91,40.18,39.675,39.87
2020-06-05,40.9,41.16,40.815,40.92
2020-06-08,40.8,41.19,40.555,41.17
2020-06-09,40.58,40.98,40.43,40.89
2020-06-10,41.005,41.31,40.67,41.19
2020-06-11,39.86,40.08,38.985,39.04
2020-06-12,40.02,40.1,39.28,39.87
2020-06-15,38.62,39.51,38.5,39.28
2020-06-16,40.27,40.27,39.25,39.53
2020-06-17,39.87,40.11,39.79,39.91
2020-06-18,39.81,40.08,39.8,39.93
2020-06-19,40.47,40.48,39.78,39.92
2020-06-22,40.19,40.5,40.1,40.41
2020-06-23,40.89,41.065,40.76,40.8
2020-06-24,40.635,40.76,39.975,40.26
2020-06-25,40.12,40.44,39.98,40.43
2020-06-26,40.31,40.33,39.765,39.94
2020-06-29,39.95,40.14,39.715,40.12
2020-06-30,40.05,40.09,39.745,39.99
2020-07-01,40.205,40.587,40.18,40.44
2020-07-02,41.31,41.6,41.18,41.36
2020-07-06,42.78,43.15,42.78,43.14
2020-07-07,42.59,42.88,42.395,42.42
2020-07-08,43.0,43.52,42.945,43.52
2020-07-09,43.9,43.96,43.13,43.52
2020-07-10,43.23,43.3,42.95,43.24
2020-07-13,43.54,43.855,42.87,42.95
2020-07-14,42.45,43.125,42.35,43.01
2020-07-15,43.27,43.3523,42.97,43.14
2020-07-16,42.308,42.57,42.245,42.53
2020-07-17,42.84,42.86,42.55,42.77
2020-07-20,43.01,43.37,42.89,43.32
2020-07-21,44.0,44.02,43.7,43.72
2020-07-22,43.71,43.71,43.285,43.53
2020-07-23,43.5,43.665,42.97,43.18
2020-07-24,42.72,43.14,42.63,43.14
2020-07-27,43.44,43.84,43.31,43.81
2020-07-28,43.73,43.78,43.4,43.45
2020-07-29,43.85,44.27,43.85,44.15
2020-07-30,43.63,43.76,43.19,43.59
2020-07-31,43.63,43.64,42.96,43.29
2020-08-03,43.45,43.69,43.41,43.59
2020-08-04,43.78,44.17,43.77,44.17
2020-08-05,44.56,44.85,44.53,44.65
2020-08-06,44.52,44.81,44.36,44.79
2020-08-07,43.99,44.145,43.64,43.87
2020-08-10,43.94,44.07,43.64,43.98
2020-08-11,44.27,44.355,43.81,43.86
2020-08-12,44.31,44.575,44.21,44.45
2020-08-13,44.4,44.47,44.13,44.32
2020-08-14,44.21,44.31,44.145,44.24
2020-08-17,44.57,44.82,44.495,44.8
2020-08-18,44.8,44.87,44.46,44.75
2020-08-19,44.61,44.62,44.19,44.2
2020-08-20,43.457,44.07,43.37,44.06
2020-08-21,43.98,44.295,43.79,44.28
2020-08-24,44.94,44.965,44.595,44.77
2020-08-25,44.92,45.26,44.82,45.22
2020-08-26,45.23,45.39,45.165,45.34
2020-08-27,45.46,45.46,44.77,44.96
2020-08-28,45.24,45.56,45.12,45.55
2020-08-31,44.71,44.72,44.25,44.54
2020-09-01,44.96,45.33,44.915,45.3
2020-09-02,45.36,45.37,44.78,45.18
2020-09-03,44.94,44.9531,44.04,44.32
2020-09-04,44.42,44.655,43.58,44.34
2020-09-08,43.56,43.96,43.43,43.57
2020-09-09,44.01,44.31,43.9,44.22
2020-09-10,44.27,44.335,43.51,43.51
2020-09-11,44.11,44.25,43.71,43.93
2020-09-14,44.51,44.71,44.445,44.64
2020-09-15,45.185,45.23,45.02,45.11
2020-09-16,45.25,45.405,45.03,45.05
2020-09-17,44.51,44.94,44.48,44.87
2020-09-18,44.91,44.9483,44.45,44.52
2020-09-21,43.77,44.14,43.39,44.11
2020-09-22,43.95,43.97,43.42,43.78
2020-09-23,43.65,43.73,43.06,43.1
2020-09-24,42.5,43.2,42.43,42.9
2020-09-25,42.54,42.96,42.29,42.94
2020-09-28,43.51,43.6,43.21,43.42
2020-09-29,43.29,43.53,43.245,43.39
2020-09-30,43.73,44.21,43.7,44.09
2020-10-01,44.42,44.53,44.16,44.5
2020-10-02,43.83,44.375,43.78,43.99
2020-10-05,44.23,44.58,44.23,44.58
2020-10-06,44.72,45.0,44.51,44.66
2020-10-07,45.07,45.29,44.94,45.15
2020-10-08,45.31,45.57,44.9484,45.52
2020-10-09,45.63,45.955,45.5,45.83
2020-10-12,46.08,46.34,45.98,46.23
2020-10-13,46.07,46.1,45.8,46.04
2020-10-14,46.02,46.14,45.71,45.73
2020-10-15,45.07,45.44,45.02,45.4
2020-10-16,45.56,45.6899,45.41,45.56
2020-10-19,45.7,45.89,45.34,45.43
2020-10-20,45.71,46.17,45.69,45.93
2020-10-21,46.0,46.315,45.94,46.06
2020-10-22,46.135,46.175,45.82,46.05
2020-10-23,46.09,46.32,45.87,46.32
2020-10-26,45.77,46.04,45.35,45.72
2020-10-27,45.85,46.05,45.695,45.92
2020-10-28,45.19,45.247,44.73,44.77
2020-10-29,44.94,45.37,44.78,45.22
2020-10-30,44.85,44.92,44.41,44.71
2020-11-02,45.18,45.3,44.92,45.28
2020-11-03,45.36,45.599,45.18,45.48
2020-11-04,46.09,47.09,46.0,46.91
2020-11-05,47.71,47.91,47.31,47.71
2020-11-06,47.67,48.11,47.54,47.93
2020-11-09,49.48,49.53,48.24,48.26
2020-11-10,48.07,48.19,47.5,47.71
2020-11-11,47.635,48.095,47.56,48.02
2020-11-12,48.14,48.31,47.54,47.66
2020-11-13,48.24,48.36,47.985,48.33
2020-11-16,48.85,49.0899,48.76,48.93
2020-11-17,48.63,49.01,48.56,48.88
2020-11-18,49.09,49.1,48.7,48.71
2020-11-19,48.48,48.855,48.38,48.79
2020-11-20,48.9,49.2,48.855,49.06
2020-11-23,49.585,49.6,49.075,49.19
2020-11-24,49.6,49.88,49.34,49.85
2020-11-25,49.4,49.6,49.255,49.57
2020-11-27,49.95,50.17,49.91,50.04
2020-11-30,49.31,49.31,48.71,48.73
2020-12-01,49.59,49.88,49.345,49.69
2020-12-02,49.61,49.86,49.42,49.76
2020-12-03,50.23,50.58,50.19,50.33
2020-12-04,50.72,50.88,50.63,50.85
2020-12-07,50.78,50.99,50.65,50.85
2020-12-08,50.79,50.87,50.625,50.87
2020-12-09,51.03,51.03,50.19,50.43
2020-12-10,50.365,51.1361,50.34,51.08
2020-12-11,50.76,50.91,50.63,50.72
2020-12-14,50.32,50.35,49.91,49.94
2020-12-15,50.16,50.51,50.02,50.48
2020-12-16,50.58,50.8,50.47,50.72
2020-12-17,51.05,51.11,50.89,51.05
2020-12-18,50.95,51.02,50.78,50.99
2020-12-21,49.86,50.45,49.84,50.24
2020-12-22,50.11,50.16,49.77,49.84
2020-12-23,50.32,50.46,50.25,50.35
2020-12-24,50.21,50.33,49.86,50.13
2020-12-28,50.37,50.435,50.155,50.27
2020-12-29,50.72,51.06,50.675,51.02
2020-12-30,51.64,51.88,51.59,51.7
2020-12-31,51.99,52.0,51.36,51.67
2021-01-04,52.62,52.81,51.83,52.0
2021-01-05,52.489,53.27,52.485,53.25
2021-01-06,52.85,53.44,52.66,52.8
2021-01-07,53.08,53.3,52.82,53.3
2021-01-08,54.25,54.74,53.94,54.71
2021-01-11,53.99,54.3,53.91,53.97
2021-01-12,54.31,54.605,54.16,54.5
2021-01-13,54.6,54.89,54.28,54.62
2021-01-14,55.22,55.48,55.06,55.13
2021-01-15,54.56,54.67,54.21,54.35
2021-01-19,55.5,55.535,55.12,55.25
2021-01-20,56.2,56.26,55.95,56.22
2021-01-21,56.41,56.45,56.11,56.32
2021-01-22,55.54,55.95,55.47,55.83
2021-01-25,56.45,56.54,55.71,56.25
2021-01-26,55.79,55.93,55.533,55.84
2021-01-27,54.66,54.88,54.25,54.29
2021-01-28,54.19,54.87,54.05,54.67
2021-01-29,53.725,53.85,53.045,53.31
2021-02-01,54.418,54.85,54.16,54.75
2021-02-02,55.55,55.585,55.29,55.46
2021-02-03,55.83,55.95,55.5701,55.74
2021-02-04,55.68,55.8,55.34,55.76
2021-02-05,56.01,56.26,55.8,56.24
2021-02-08,56.035,56.4399,56.03,56.34
2021-02-09,56.35,56.99,56.34,56.94
2021-02-10,57.45,57.53,56.795,57.14
2021-02-11,57.65,57.995,57.5401,57.75
2021-02-12,57.5,57.97,57.41,57.8
2021-02-16,58.13,58.29,57.785,57.94
2021-02-17,57.84,58.0,57.55,57.96
2021-02-18,57.02,57.16,56.54,57.16
2021-02-19,57.5,57.81,57.34,57.53
2021-02-22,56.0,56.3699,55.78,55.84
2021-02-23,55.48,56.275,54.79,56.09
2021-02-24,55.16,55.75,54.82,55.73
2021-02-25,55.76,55.9,54.38,54.46
2021-02-26,54.11,54.15,53.39,53.73
2021-03-01,54.82,55.33,54.7,55.17
2021-03-02,54.87,54.9066,54.46,54.63
2021-03-03,55.04,55.18,54.32,54.52
2021-03-04,54.3,54.55,52.9727,53.25
2021-03-05,54.01,54.03,52.8,53.83
2021-03-08,52.88,53.03,52.25,52.38
2021-03-09,53.15,53.83,53.08,53.53
2021-03-10,53.77,53.79,53.04,53.29
2021-03-11,54.51,55.039,54.27,54.97
2021-03-12,53.84,53.99,53.58,53.99
2021-03-15,53.73,54.13,53.585,54.12
2021-03-16,54.29,54.55,54.105,54.35
2021-03-17,53.65,54.66,53.52,54.42
2021-03-18,53.93,54.09,53.39,53.42
2021-03-19,53.5,54.08,53.33,54.08
2021-03-22,53.74,54.075,53.55,53.92
2021-03-23,53.22,53.395,52.86,52.89
2021-03-24,52.55,52.625,51.68,51.68
2021-03-25,51.56,52.07,51.515,51.92
2021-03-26,52.4,53.32,52.16,53.27
2021-03-29,52.84,53.115,52.64,52.9
2021-03-30,52.88,53.18,52.725,53.07
2021-03-31,53.01,53.515,53.01,53.34
2021-04-01,54.12,54.22,53.81,53.86
2021-04-05,54.19,54.25,53.95,54.07
2021-04-06,54.08,54.595,53.96,54.37
2021-04-07,53.61,53.75,53.38,53.57
2021-04-08,54.12,54.28,53.985,54.01
2021-04-09,53.49,53.57,53.3726,53.55
2021-04-12,53.18,53.29,53.06,53.23
2021-04-13,53.24,53.64,53.16,53.45
2021-04-14,53.93,54.04,53.67,53.72
2021-04-15,54.16,54.26,53.99,54.21
2021-04-16,54.35,54.43,54.095,54.35
2021-04-19,54.24,54.34,53.96,54.15
2021-04-20,54.09,54.2,53.56,53.71
2021-04-21,53.46,54.065,53.34,54.04
2021-04-22,54.08,54.185,53.68,53.85
2021-04-23,54.38,54.69,54.34,54.63
2021-04-26,54.54,54.75,54.43,54.7
2021-04-27,54.69,54.84,54.58,54.67
2021-04-28,54.93,55.34,54.755,55.08
2021-04-29,55.26,55.27,54.495,54.95
2021-04-30,54.272,54.365,53.85,53.98
2021-05-03,53.94,54.23,53.761,53.98
2021-05-04,53.58,53.66,52.98,53.37
2021-05-05,53.63,53.8,53.455,53.62
2021-05-06,53.9,54.16,53.73,54.13
2021-05-07,54.46,54.93,54.39,54.69
2021-05-10,54.47,54.49,53.66,53.71
2021-05-11,52.7,53.58,52.66,53.56
2021-05-12,52.68,52.905,52.01,52.08
2021-05-13,52.24,52.51,51.74,52.01
2021-05-14,52.61,53.035,52.48,52.95
2021-05-17,52.61,52.94,52.53,52.9
2021-05-18,53.59,53.88,53.52,53.61
2021-05-19,52.95,53.65,52.91,53.45
2021-05-20,53.53,53.87,53.52,53.76
2021-05-21,53.74,53.74,53.06,53.14
2021-05-24,53.39,53.71,53.28,53.58
2021-05-25,54.27,54.36,54.03,54.11
2021-05-26,54.32,54.57,54.3,54.51
2021-05-27,54.56,54.67,54.4,54.52
2021-05-28,54.66,55.0,54.64,54.87
2021-06-01,56.14,56.175,55.82,56.0
2021-06-02,55.92,56.13,55.77,56.09
2021-06-03,55.51,55.6575,55.34,55.49
2021-06-04,55.88,56.03,55.8,55.99
2021-06-07,55.71,55.74,55.46,55.71
2021-06-08,55.52,55.5466,55.26,55.44
2021-06-09,55.38,55.53,55.23,55.28
2021-06-10,55.24,55.5574,55.19,55.48
2021-06-11,55.34,55.385,55.1122,55.29
2021-06-14,55.33,55.56,55.27,55.44
2021-06-15,55.3,55.31,54.94,55.06
2021-06-16,54.95,55.095,54.09,54.31
2021-06-17,54.54,54.8199,54.45,54.61
2021-06-18,54.38,54.48,54.125,54.23
2021-06-21,54.17,54.46,53.92,54.46
2021-06-22,54.0,54.26,53.85,54.21
2021-06-23,54.6,54.9,54.51,54.54
2021-06-24,54.86,55.09,54.81,55.04
2021-06-25,55.52,55.59,55.29,55.5
2021-06-28,55.48,55.62,55.4,55.55
2021-06-29,55.16,55.53,55.04,55.51
2021-06-30,55.12,55.308,55.045,55.15
2021-07-01,55.18,55.245,54.565,54.84
2021-07-02,54.62,54.785,54.45,54.78
2021-07-06,54.12,54.21,53.62,53.82
2021-07-07,54.13,54.14,53.555,53.76
2021-07-08,52.59,52.84,52.46,52.64
2021-07-09,53.23,53.57,53.09,53.55
2021-07-12,53.38,53.63,53.28,53.6
2021-07-13,53.69,53.99,53.64,53.65
2021-07-14,54.13,54.19,53.775,53.88
2021-07-15,54.095,54.285,53.885,54.01
2021-07-16,54.08,54.12,53.48,53.59
2021-07-19,52.75,52.79,52.41,52.69
2021-07-20,52.445,52.9899,52.33,52.86
2021-07-21,52.58,53.21,52.53,53.2
2021-07-22,53.35,53.37,53.07,53.3
2021-07-23,52.69,52.7,52.23,52.51
2021-07-26,51.41,51.75,51.3026,51.51
2021-07-27,50.41,50.565,49.83,50.47
2021-07-28,51.08,51.935,50.96,51.84
2021-07-29,52.25,52.28,51.89,52.1
2021-07-30,51.45,51.855,51.43,51.6
2021-08-02,52.05,52.25,51.91,51.97
2021-08-03,51.9,52.22,51.6899,52.19
2021-08-04,52.58,52.79,52.345,52.46
2021-08-05,52.38,52.56,52.34,52.38
2021-08-06,52.17,52.19,51.79,51.94
2021-08-09,52.165,52.3,52.05,52.11
2021-08-10,52.33,52.36,52.105,52.18
2021-08-11,52.49,52.5,52.085,52.32
2021-08-12,51.88,51.9,51.65,51.86
2021-08-13,51.64,51.73,51.39,51.73
2021-08-16,51.29,51.31,51.04,51.26
2021-08-17,50.33,50.62,50.115,50.32
2021-08-18,50.69,50.89,50.38,50.4
2021-08-19,49.41,49.735,49.37,49.54
2021-08-20,49.13,49.59,49.11,49.5
2021-08-23,49.97,50.32,49.855,50.25
2021-08-24,51.0,51.465,51.0,51.39
2021-08-25,51.33,51.5,51.205,51.45
2021-08-26,51.13,51.19,50.91,50.96
2021-08-27,51.26,51.59,51.1,51.59
2021-08-30,51.66,51.77,51.43,51.7
2021-08-31,52.47,52.52,52.33,52.41
2021-09-01,52.73,53.28,52.73,53.08
2021-09-02,53.02,53.125,52.76,52.84
2021-09-03,52.95,53.19,52.93,53.12
2021-09-07,53.29,53.58,53.25,53.43
2021-09-08,53.11,53.12,52.53,52.65
2021-09-09,52.39,52.645,52.295,52.55
2021-09-10,52.95,53.01,52.48,52.49
2021-09-13,52.56,52.77,52.36,52.63
2021-09-14,52.49,52.52,52.09,52.19
2021-09-15,52.01,52.18,51.8,52.18
2021-09-16,51.43,51.625,51.25,51.59
2021-09-17,51.61,51.67,51.265,51.37
2021-09-20,50.15,50.42,49.57,49.99
2021-09-21,50.36,50.495,50.14,50.36
2021-09-22,50.83,51.34,50.82,50.99
2021-09-23,51.23,51.44,51.12,51.39
2021-09-24,50.85,50.95,50.725,50.78
2021-09-27,50.83,51.23,50.67,51.11
2021-09-28,50.86,50.92,50.285,50.45
2021-09-29,50.32,50.455,49.96,49.98
2021-09-30,50.555,50.735,50.28,50.38
2021-10-01,50.37,50.5099,49.88,50.33
2021-10-04,49.91,49.95,49.28,49.59
2021-10-05,49.725,50.125,49.675,49.94
2021-10-06,49.2,49.71,49.11,49.66
2021-10-07,50.37,50.87,50.33,50.63
2021-10-08,50.76,50.91,50.64,50.82
2021-10-11,51.07,51.23,50.7,50.72
2021-10-12,50.75,50.82,50.4201,50.46
2021-10-13,50.93,51.26,50.785,51.16
2021-10-14,51.43,51.48,51.135,51.32
2021-10-15,51.63,52.03,51.52,51.94
2021-10-18,51.61,51.96,51.57,51.81
2021-10-19,52.21,52.56,52.125,52.5
2021-10-20,52.62,52.62,52.3748,52.49
2021-10-21,52.09,52.22,51.985,52.15
2021-10-22,52.21,52.42,51.845,52.04
2021-10-25,52.28,52.39,52.02,52.31
2021-10-26,52.44,52.5,51.95,52.04
2021-10-27,51.72,51.97,51.565,51.62
2021-10-28,51.39,51.67,51.25,51.67
2021-10-29,50.99,51.07,50.65,50.92
2021-11-01,50.89,51.34,50.85,51.32
2021-11-02,50.95,50.98,50.78,50.86
2021-11-03,50.8,51.175,50.62,51.1
2021-11-04,51.21,51.235,50.8,50.98
2021-11-05,51.16,51.18,50.745,50.92
2021-11-08,51.28,51.45,51.22,51.39
2021-11-09,51.42,51.58,51.1,51.19
2021-11-10,51.305,51.53,50.86,50.98
2021-11-11,51.65,52.0,51.64,51.86
2021-11-12,51.85,52.06,51.78,52.0
2021-11-15,52.12,52.14,51.78,51.83
2021-11-16,51.91,52.01,51.7101,51.9
2021-11-17,51.96,51.98,51.48,51.63
2021-11-18,51.12,51.135,50.75,51.0
2021-11-19,51.06,51.23,50.89,50.92
2021-11-22,50.85,50.99,50.49,50.51
2021-11-23,50.52,50.71,50.24,50.46
2021-11-24,50.14,50.4,50.02,50.39
2021-11-26,49.07,49.11,48.51,48.7
2021-11-29,49.21,49.22,48.725,48.89
2021-11-30,48.89,49.17,48.35,48.84
2021-12-01,49.61,49.98,48.985,49.02
2021-12-02,49.61,49.97,49.35,49.62
2021-12-03,49.56,49.65,48.71,48.92
2021-12-06,48.88,49.33,48.67,49.3
2021-12-07,49.91,50.11,49.87,50.08
2021-12-08,50.1,50.415,49.97,50.28
2021-12-09,50.12,50.31,49.975,50.04
2021-12-10,50.03,50.15,49.9,50.08
2021-12-13,48.98,49.03,48.47,48.59
2021-12-14,48.31,48.61,48.27,48.48
2021-12-15,48.16,48.38,47.65,48.34
2021-12-16,48.72,48.91,48.305,48.4
2021-12-17,48.04,48.345,47.935,48.16
2021-12-20,47.49,47.49,47.15,47.44
2021-12-21,47.83,48.25,47.795,48.24
2021-12-22,48.1,48.49,48.0,48.47
2021-12-23,48.54,48.81,48.4,48.72
2021-12-27,48.73,49.01,48.73,48.94
2021-12-28,48.96,49.0,48.76,48.78
2021-12-29,48.69,48.71,48.34,48.56
2021-12-30,48.5,49.22,48.5,49.09
2021-12-31,48.98,49.35,48.84,48.85
2022-01-03,49.08,49.26,48.78,49.2
2022-01-04,49.26,49.26,48.93,49.03
2022-01-05,48.8,49.15,48.22,48.23
2022-01-06,48.36,48.6799,48.155,48.45
2022-01-07,48.69,48.98,48.5,48.89
2022-01-10,48.94,49.08,48.56,48.89
2022-01-11,49.31,50.04,49.16,50.02
2022-01-12,50.64,50.89,50.4601,50.85
2022-01-13,50.64,50.675,50.09,50.13
2022-01-14,49.99,50.195,49.8201,50.11
2022-01-18,49.21,49.495,49.15,49.22
2022-01-19,49.59,49.7,49.39,49.43
2022-01-20,50.26,50.54,49.67,49.72
2022-01-21,49.62,49.69,48.95,49.0
2022-01-24,48.23,48.32,47.1901,48.31
2022-01-25,48.025,48.475,47.715,48.22
2022-01-26,48.49,48.58,47.505,47.61
2022-01-27,47.6,47.675,47.04,47.06
2022-01-28,47.16,47.32,46.66,47.29
2022-01-31,47.89,48.9,47.84,48.84
2022-02-01,49.02,49.14,48.6,49.14
2022-02-02,49.33,49.3586,48.73,49.06
2022-02-03,48.45,48.775,48.37,48.54
2022-02-04,48.32,48.89,48.22,48.66
2022-02-07,48.45,48.835,48.41,48.56
2022-02-08,48.48,49.04,48.46,49.03
2022-02-09,49.44,49.83,49.38,49.8
2022-02-10,49.39,50.11,49.38,49.47
2022-02-11,49.49,49.7,48.64,48.72
2022-02-14,48.51,48.62,48.12,48.38
2022-02-15,49.03,49.47,48.985,49.43
2022-02-16,49.37,49.99,49.33,49.79
2022-02-17,49.56,49.655,49.11,49.21
2022-02-18,49.03,49.06,48.62,48.72
2022-02-22,48.02,48.37,47.715,48.03
2022-02-23,48.24,48.27,47.38,47.47
2022-02-24,45.04,46.52,45.01,46.49
2022-02-25,46.69,47.4,46.455,47.35
2022-02-28,46.25,46.85,46.175,46.73
2022-03-01,46.5,46.855,45.84,46.11
2022-03-02,46.15,46.39,45.705,46.19
2022-03-03,46.01,46.1,45.45,45.54
2022-03-04,44.64,44.91,44.37,44.62
2022-03-07,43.86,44.015,42.91,42.95
2022-03-08,43.17,43.63,42.73,43.09
2022-03-09,43.765,44.42,43.61,44.31
2022-03-10,43.62,43.685,43.205,43.48
2022-03-11,43.73,43.78,42.56,42.57
2022-03-14,42.07,42.37,41.42,41.54
2022-03-15,40.96,41.67,40.8,41.6
2022-03-16,43.53,45.04,43.32,44.95
2022-03-17,44.56,44.7999,44.15,44.72
2022-03-18,44.35,45.45,44.24,45.36
2022-03-21,44.7,44.85,44.32,44.66
2022-03-22,45.28,45.62,45.245,45.47
2022-03-23,45.03,45.67,44.92,45.17
2022-03-24,45.2,45.45,45.045,45.41
2022-03-25,45.0,45.07,44.745,45.05
2022-03-28,45.09,45.22,44.81,45.2
2022-03-29,45.98,46.0975,45.73,45.97
2022-03-30,45.89,46.23,45.74,45.84
2022-03-31,45.63,45.66,45.12,45.15
2022-04-01,46.01,46.15,45.615,45.9
2022-04-04,46.5,46.775,46.34,46.71
2022-04-05,46.52,46.521,45.765,45.85
2022-04-06,45.55,45.61,45.025,45.25
2022-04-07,44.99,45.1,44.665,44.89
2022-04-08,45.02,45.17,44.88,44.93
2022-04-11,44.54,44.73,44.35,44.37
2022-04-12,44.73,44.77,44.19,44.23
2022-04-13,44.47,44.88,44.44,44.81
2022-04-14,44.57,44.59,44.2,44.23
2022-04-18,44.0,44.285,43.86,44.08
2022-04-19,43.62,43.89,43.43,43.86
2022-04-20,43.91,43.92,43.515,43.6
2022-04-21,43.61,43.69,42.67,42.76
2022-04-22,42.84,43.115,42.37,42.38
2022-04-25,41.68,42.125,41.59,42.07
2022-04-26,41.8,41.85,41.15,41.15
2022-04-27,41.46,41.89,41.4,41.63
2022-04-28,41.97,42.29,41.54,42.23
2022-04-29,43.03,43.22,42.345,42.38
2022-05-02,42.26,42.48,41.81,42.32
2022-05-03,42.59,42.69,42.43,42.63
2022-05-04,42.2,43.165,41.94,43.09
2022-05-05,42.2,42.27,41.115,41.5
2022-05-06,41.11,41.24,40.685,40.93
2022-05-09,40.19,40.41,39.72,39.75
2022-05-10,40.35,40.4,39.59,39.94
2022-05-11,40.21,40.52,39.63,39.66
2022-05-12,39.25,39.75,38.945,39.4
2022-05-13,39.84,40.5,39.81,40.49
2022-05-16,40.19,40.5,40.1,40.33
2022-05-17,41.4,41.45,40.985,41.32
2022-05-18,41.03,41.2,40.27,40.33
2022-05-19,40.49,41.15,40.49,40.97
2022-05-20,41.41,41.56,40.59,41.14
2022-05-23,41.39,41.57,41.18,41.45
2022-05-24,40.81,40.84,40.35,40.73
2022-05-25,40.62,41.03,40.55,40.93
2022-05-26,40.86,41.67,40.86,41.57
2022-05-27,41.86,42.07,41.73,42.05
2022-05-31,43.13,43.14,42.64,42.64
2022-06-01,42.91,42.96,42.16,42.34
2022-06-02,42.51,43.09,42.395,43.07
2022-06-03,42.66,42.67,42.27,42.37
2022-06-06,43.13,43.23,42.49,42.6
2022-06-07,42.34,42.77,42.27,42.73
2022-06-08,42.94,43.13,42.78,42.96
2022-06-09,42.22,42.31,41.56,41.59
2022-06-10,41.5,41.58,41.03,41.13
2022-06-13,40.06,40.305,39.525,39.69
2022-06-14,40.1,40.41,39.995,40.24
2022-06-15,40.38,41.05,40.16,40.77
2022-06-16,39.55,39.72,39.255,39.52
2022-06-17,39.95,40.05,39.42,39.67
2022-06-21,40.24,40.475,40.18,40.31
2022-06-22,39.48,39.855,39.4107,39.59
2022-06-23,39.71,39.915,39.36,39.71
2022-06-24,40.17,40.68,40.1,40.65
2022-06-27,40.92,40.94,40.63,40.7
2022-06-28,41.03,41.185,40.415,40.45
2022-06-29,40.36,40.45,40.155,40.29
2022-06-30,39.75,40.19,39.505,40.1
2022-07-01,39.62,39.86,39.37,39.85
2022-07-05,39.03,39.54,38.87,39.54
2022-07-06,39.25,39.41,38.96,39.3
2022-07-07,39.84,40.265,39.83,40.09
2022-07-08,39.96,40.26,39.81,40.09
2022-07-11,39.18,39.2254,38.86,39.02
2022-07-12,38.86,39.07,38.68,38.87
2022-07-13,38.3,38.985,38.3,38.78
2022-07-14,38.37,38.5,38.05,38.43
2022-07-15,38.45,38.67,38.1237,38.63
2022-07-18,39.24,39.44,38.84,38.9
2022-07-19,39.35,39.58,39.27,39.54
2022-07-20,39.39,39.5,39.19,39.37
2022-07-21,39.5,39.84,39.43,39.82
2022-07-22,39.73,39.805,39.24,39.42
2022-07-25,39.49,39.6,39.385,39.56
2022-07-26,39.57,39.67,39.1813,39.25
2022-07-27,39.57,40.08,39.41,39.98
2022-07-28,40.04,40.21,39.585,40.15
2022-07-29,39.63,39.99,39.45,39.96
2022-08-01,39.55,39.905,39.31,39.62
2022-08-02,39.27,39.8499,39.18,39.43
2022-08-03,39.49,39.82,39.33,39.74
2022-08-04,40.0,40.14,39.86,40.02
2022-08-05,39.77,40.115,39.74,40.06
2022-08-08,40.13,40.345,40.02,40.11
2022-08-09,40.15,40.21,39.88,39.96
2022-08-10,40.23,40.5,40.075,40.46
2022-08-11,40.79,41.2,40.54,40.62
2022-08-12,40.62,41.07,40.605,41.05
2022-08-15,40.69,40.94,40.655,40.86
2022-08-16,40.76,40.96,40.72,40.85
2022-08-17,40.65,40.875,40.555,40.68
2022-08-18,40.53,40.56,40.26,40.45
2022-08-19,40.08,40.115,39.78,39.9
2022-08-22,39.58,39.695,39.51,39.55
2022-08-23,39.59,39.92,39.511,39.76
2022-08-24,39.44,39.9899,39.41,39.75
2022-08-25,40.18,40.62,40.1,40.61
2022-08-26,40.92,40.96,39.97,40.01
2022-08-29,39.83,40.07,39.75,39.76
2022-08-30,39.89,39.9,39.14,39.29
2022-08-31,39.67,39.84,39.4,39.43
2022-09-01,39.05,39.13,38.715,39.12
2022-09-02,39.05,39.215,38.67,38.76
2022-09-06,38.62,38.68,38.27,38.3
2022-09-07,38.12,38.6499,38.08,38.64
2022-09-08,38.24,38.47,38.12,38.43
2022-09-09,38.78,39.09,38.77,39.0
2022-09-12,39.37,39.64,39.27,39.58
2022-09-13,38.81,38.97,38.29,38.36
2022-09-14,38.6,38.6663,38.39,38.55
2022-09-15,38.27,38.52,38.07,38.14
2022-09-16,37.78,37.91,37.61,37.79
2022-09-19,37.48,37.94,37.46,37.91
2022-09-20,37.73,37.87,37.56,37.7
2022-09-21,37.48,37.72,37.02,37.07
2022-09-22,37.05,37.15,36.81,36.89
2022-09-23,36.21,36.26,35.8,35.98
2022-09-26,35.76,35.96,35.47,35.54
2022-09-27,35.775,36.03,35.34,35.5
2022-09-28,35.27,35.9,35.19,35.81
2022-09-29,35.18,35.2,34.72,35.01
2022-09-30,34.92,35.25,34.85,34.88
2022-10-03,35.12,35.54,34.955,35.45
2022-10-04,36.2,36.72,36.175,36.61
2022-10-05,36.51,36.76,36.25,36.63
2022-10-06,36.51,36.715,36.375,36.41
2022-10-07,36.07,36.125,35.59,35.65
2022-10-10,35.42,35.44,35.02,35.15
2022-10-11,34.76,35.005,34.475,34.59
2022-10-12,34.62,34.81,34.505,34.63
2022-10-13,33.75,34.925,33.67,34.73
2022-10-14,34.95,34.96,34.18,34.21
2022-10-17,34.91,35.27,34.91,35.15
2022-10-18,35.49,35.565,34.9,35.16
2022-10-19,34.61,34.81,34.39,34.52
2022-10-20,34.77,35.285,34.7,34.74
2022-10-21,34.66,35.31,34.53,35.27
2022-10-24,33.97,34.005,33.485,33.93
2022-10-25,33.98,34.28,33.95,34.21
2022-10-26,34.31,35.08,34.305,34.77
2022-10-27,34.53,34.855,34.46,34.5
2022-10-28,34.03,34.33,33.95,34.29
2022-10-31,33.92,34.27,33.92,34.19
2022-11-01,35.1,35.15,34.695,34.82
2022-11-02,34.9,35.32,34.5,34.53
2022-11-03,34.3,34.84,34.28,34.73
2022-11-04,36.03,36.2,35.67,36.2
2022-11-07,36.43,36.51,36.09,36.22
2022-11-08,36.29,36.67,36.16,36.48
2022-11-09,36.21,36.38,35.8,35.85
2022-11-10,36.82,37.18,36.67,37.15
2022-11-11,37.87,38.21,37.78,38.16
2022-11-14,37.95,38.2,37.785,37.93
2022-11-15,39.12,39.16,38.54,38.8
2022-11-16,38.47,38.515,38.12,38.18
2022-11-17,37.49,38.3,37.48,38.25
2022-11-18,38.14,38.15,37.845,38.03
2022-11-21,37.54,37.625,37.35,37.55
2022-11-22,37.46,37.65,37.39,37.64
2022-11-23,37.688,37.975,37.68,37.95
2022-11-25,37.84,37.88,37.735,37.77
2022-11-28,37.59,38.0,37.59,37.6
2022-11-29,38.4,38.58,38.31,38.41
2022-11-30,39.235,39.68,38.9804,39.52
2022-12-01,39.63,39.71,39.251,39.39
2022-12-02,39.01,39.66,39.01,39.54
2022-12-05,39.53,39.55,38.99,39.09
2022-12-06,39.24,39.29,38.94,39.04
2022-12-07,38.75,38.955,38.68,38.81
2022-12-08,39.19,39.395,39.06,39.28
2022-12-09,39.345,39.41,39.02,39.02
2022-12-12,38.88,38.9,38.565,38.9
2022-12-13,39.11,39.21,38.505,38.59
2022-12-14,38.6,38.8,38.31,38.61
2022-12-15,38.32,38.45,37.685,37.72
2022-12-16,37.9,38.065,37.77,37.83
2022-12-19,38.11,38.11,37.79,37.86
2022-12-20,37.725,38.0,37.685,37.85
2022-12-21,37.79,38.19,37.7115,38.19
2022-12-22,38.08,38.11,37.57,37.85
2022-12-23,37.79,37.91,37.61,37.8
2022-12-27,38.13,38.555,38.08,38.36
2022-12-28,38.26,38.3,37.78,37.8
2022-12-29,38.23,38.49,38.18,38.43
2022-12-30,38.14,38.305,37.76,37.9
2023-01-03,38.34,38.635,38.11,38.22
2023-01-04,38.9,39.41,38.68,39.37
2023-01-05,38.99,39.33,38.98,39.25
2023-01-06,39.5,40.09,39.26,40.07
2023-01-09,40.55,40.68,40.35,40.37
2023-01-10,40.48,40.67,40.28,40.66
2023-01-11,40.59,40.84,40.52,40.83
2023-01-12,40.89,41.12,40.5,41.03
2023-01-13,40.98,41.33,40.97,41.3
2023-01-17,41.02,41.12,40.9,41.07
2023-01-18,41.43,41.48,40.77,40.79
2023-01-19,40.96,41.25,40.94,41.1
2023-01-20,41.39,41.73,41.26,41.73
2023-01-23,41.79,42.23,41.755,42.03
2023-01-24,41.87,42.085,41.81,42.06
2023-01-25,41.84,42.1,41.61,42.1
2023-01-26,42.44,42.53,42.21,42.5
2023-01-27,42.36,42.3796,42.095,42.3
2023-01-30,41.63,41.8228,41.43,41.45
2023-01-31,41.09,41.36,41.01,41.36
2023-02-01,41.55,42.03,41.265,41.87
2023-02-02,41.87,41.9,41.415,41.62
2023-02-03,41.11,41.3965,40.78,40.88
2023-02-06,40.15,40.36,40.0,40.28
2023-02-07,40.34,40.595,40.05,40.44
2023-02-08,40.54,40.595,40.22,40.39
2023-02-09,40.96,41.0,40.44,40.58
2023-02-10,40.35,40.37,40.055,40.19
2023-02-13,40.33,40.6,40.235,40.52
2023-02-14,40.23,40.64,40.1,40.45
2023-02-15,39.841,40.11,39.77,40.11
2023-02-16,39.92,40.31,39.805,40.12
2023-02-17,39.67,39.785,39.52,39.68
2023-02-21,39.4,39.615,39.17,39.18
2023-02-22,39.07,39.2,38.87,38.99
2023-02-23,39.495,39.555,38.93,39.18
2023-02-24,38.31,38.49,38.145,38.3
2023-02-27,38.53,38.6,38.42,38.5
2023-02-28,38.36,38.52,38.19,38.23
2023-03-01,39.17,39.21,38.97,39.05
2023-03-02,38.87,39.29,38.8,39.19
2023-03-03,39.32,39.58,39.27,39.54
2023-03-06,39.51,39.68,39.39,39.4
2023-03-07,39.24,39.25,38.71,38.74
2023-03-08,38.75,38.98,38.74,38.9
2023-03-09,38.51,38.58,37.96,38.04
2023-03-10,38.02,38.25,37.8,37.84
2023-03-13,37.73,38.17,37.65,37.9
2023-03-14,37.84,38.015,37.72,37.92
2023-03-15,37.09,37.28,36.9,37.27
2023-03-16,37.21,37.86,37.15,37.84
2023-03-17,37.81,37.865,37.48,37.61
2023-03-20,37.53,37.83,37.44,37.75
2023-03-21,38.04,38.19,37.89,38.09
2023-03-22,38.37,38.815,38.22,38.24
2023-03-23,38.97,39.21,38.575,38.77
2023-03-24,38.46,38.68,38.39,38.67
2023-03-27,38.4,38.49,38.26,38.46
2023-03-28,38.8,39.01,38.76,39.01
2023-03-29,39.0,39.18,38.9,39.12
2023-03-30,39.46,39.61,39.35,39.51
2023-03-31,39.51,39.62,39.32,39.46
2023-04-03,39.44,39.57,39.32,39.54
2023-04-04,39.47,39.57,39.35,39.54
2023-04-05,39.46,39.49,39.085,39.23
2023-04-06,39.14,39.47,39.035,39.39
2023-04-10,39.27,39.44,39.2,39.43
2023-04-11,39.77,39.84,39.65,39.67
2023-04-12,39.8,39.83,39.31,39.39
2023-04-13,39.85,40.0,39.805,39.93
2023-04-14,39.75,39.92,39.53,39.72
2023-04-17,39.88,39.95,39.73,39.89
2023-04-18,39.96,40.01,39.74,39.84
2023-04-19,39.38,39.49,39.3,39.44
2023-04-20,39.39,39.62,39.26,39.38
2023-04-21,39.04,39.055,38.79,39.01
2023-04-24,38.92,38.98,38.79,38.92
2023-04-25,38.4,38.43,38.13,38.19
2023-04-26,38.66,38.69,38.38,38.41
2023-04-27,38.63,38.98,38.59,38.93
2023-04-28,38.94,39.16,38.92,39.13
2023-05-01,38.97,39.265,38.95,39.0
2023-05-02,38.845,38.85,38.48,38.62
2023-05-03,38.66,38.82,38.5308,38.56
2023-05-04,38.88,39.0,38.78,38.87
2023-05-05,39.05,39.425,38.99,39.39
2023-05-08,39.53,39.55,39.335,39.41
2023-05-09,39.01,39.2,38.97,39.17
2023-05-10,39.13,39.255,38.94,39.15
2023-05-11,38.81,39.02,38.7,39.01
2023-05-12,38.74,38.75,38.47,38.55
2023-05-15,38.96,39.31,38.84,39.26
2023-05-16,38.99,39.15,38.96,38.98
2023-05-17,38.98,39.21,38.905,39.16
2023-05-18,39.01,39.03,38.7801,38.95
2023-05-19,39.05,39.09,38.895,38.98
2023-05-22,39.26,39.47,39.26,39.3
2023-05-23,38.95,39.05,38.67,38.69
2023-05-24,38.645,38.67,38.38,38.4
2023-05-25,38.51,38.51,38.25,38.32
2023-05-26,38.66,39.07,38.66,39.0
2023-05-30,38.9,38.91,38.44,38.55
2023-05-31,38.24,38.25,37.905,38.19
2023-06-01,38.25,38.89,38.23,38.87
2023-06-02,39.5,39.64,39.485,39.54
2023-06-05,39.43,39.55,39.35,39.53
2023-06-06,39.45,39.93,39.41,39.88
2023-06-07,39.56,39.765,39.34,39.4
2023-06-08,39.43,39.715,39.42,39.68
2023-06-09,39.83,40.05,39.82,39.86
2023-06-12,39.88,39.99,39.8201,39.94
2023-06-13,40.37,40.47,40.225,40.34
2023-06-14,40.35,40.73,40.33,40.64
2023-06-15,40.84,41.04,40.7633,41.02
2023-06-16,41.09,41.09,40.77,40.88
2023-06-20,40.29,40.35,39.955,40.08
2023-06-21,39.86,39.96,39.74,39.89
2023-06-22,39.64,39.8,39.58,39.75
2023-06-23,39.23,39.23,39.06,39.17
2023-06-26,39.33,39.48,39.26,39.3
2023-06-27,39.62,39.72,39.52,39.7
2023-06-28,39.39,39.505,39.295,39.46
2023-06-29,39.16,39.285,39.145,39.25
2023-06-30,39.56,39.72,39.465,39.56
2023-07-03,40.01,40.21,39.95,40.0
2023-07-05,39.83,39.845,39.69,39.76
2023-07-06,39.17,39.23,38.805,38.95
2023-07-07,39.08,39.6,39.07,39.39
2023-07-10,39.15,39.44,39.14,39.42
2023-07-11,39.66,39.84,39.495,39.82
2023-07-12,40.43,40.735,40.41,40.71
2023-07-13,40.93,41.32,40.91,41.24
2023-07-14,41.14,41.155,40.98,41.01
2023-07-17,40.84,41.07,40.67,41.06
2023-07-18,40.83,40.92,40.64,40.76
2023-07-19,40.82,40.985,40.63,40.68
2023-07-20,40.5,40.595,40.315,40.38
2023-07-21,40.49,40.535,40.29,40.32
2023-07-24,40.455,41.02,40.42,40.87
2023-07-25,41.37,41.4,41.185,41.21
2023-07-26,41.03,41.57,41.01,41.45
2023-07-27,41.48,41.51,40.9,40.94
2023-07-28,41.74,41.96,41.67,41.93
2023-07-31,41.79,42.0,41.72,41.95
2023-08-01,41.61,41.65,41.37,41.42
2023-08-02,40.75,40.75,40.34,40.43
2023-08-03,40.48,40.7351,40.44,40.59
2023-08-04,40.7,40.92,40.49,40.54
2023-08-07,40.65,40.65,40.31,40.48
2023-08-08,39.87,40.0,39.675,39.99
2023-08-09,40.25,40.275,39.93,40.09
2023-08-10,40.38,40.695,40.0801,40.15
2023-08-11,39.7,39.73,39.455,39.56
2023-08-14,39.18,39.4451,39.04,39.37
2023-08-15,39.18,39.18,38.87,38.92
2023-08-16,38.7,38.89,38.56,38.57
2023-08-17,39.05,39.07,38.63,38.66
2023-08-18,38.26,38.4751,38.205,38.4
2023-08-21,38.34,38.52,38.27,38.49
2023-08-22,38.64,38.68,38.355,38.41
2023-08-23,38.7,39.07,38.68,39.02
2023-08-24,39.16,39.235,38.86,38.87
2023-08-25,38.88,38.995,38.58,38.91
2023-08-28,39.19,39.325,39.115,39.29
2023-08-29,39.4,39.82,39.29,39.79
2023-08-30,39.57,39.7655,39.55,39.66
2023-08-31,39.37,39.39,39.11,39.17
2023-09-01,39.71,39.83,39.54,39.63
2023-09-05,39.42,39.455,39.27,39.31
2023-09-06,39.22,39.425,39.03,39.09
2023-09-07,38.7,38.73,38.55,38.63
2023-09-08,38.74,38.825,38.65,38.71
2023-09-11,39.14,39.21,38.995,39.19
2023-09-12,38.9,39.19,38.89,39.07
2023-09-13,39.03,39.155,38.95,39.02
2023-09-14,39.25,39.38,39.13,39.28
2023-09-15,39.29,39.355,39.09,39.13
2023-09-18,39.01,39.105,38.9,39.08
2023-09-19,38.91,38.98,38.77,38.85
2023-09-20,38.96,39.11,38.69,38.69
2023-09-21,38.1,38.2,38.01,38.02
2023-09-22,38.64,38.71,38.44,38.47
2023-09-25,38.15,38.34,38.145,38.3
2023-09-26,37.92,38.035,37.73,37.76
2023-09-27,37.95,37.975,37.6348,37.82
2023-09-28,37.65,37.96,37.58,37.92
2023-09-29,38.33,38.33,37.88,37.95
2023-10-02,37.88,37.93,37.66,37.76
2023-10-03,37.4,37.55,37.2,37.26
2023-10-04,37.19,37.255,37.02,37.15
2023-10-05,37.16,37.32,37.03,37.29
2023-10-06,37.28,37.92,37.22,37.83
2023-10-09,37.32,37.66,37.255,37.65
2023-10-10,37.9,38.25,37.865,38.19
2023-10-11,38.47,38.57,38.2738,38.43
2023-10-12,38.51,38.53,37.9,38.0
2023-10-13,38.03,38.16,37.77,37.86
2023-10-16,37.86,38.225,37.81,38.14
2023-10-17,37.83,38.225,37.82,38.04
2023-10-18,37.68,37.73,37.4,37.46
2023-10-19,37.35,37.55,37.22,37.24
2023-10-20,36.92,37.05,36.76,36.79
2023-10-23,36.52,36.905,36.375,36.76
2023-10-24,36.89,37.3,36.89,37.23
2023-10-25,36.85,37.0,36.7,36.74
2023-10-26,36.47,36.65,36.395,36.56
2023-10-27,36.89,36.95,36.47,36.53
2023-10-30,37.1,37.145,36.785,36.91
2023-10-31,36.61,36.72,36.41,36.7
2023-11-01,36.69,37.06,36.65,37.04
2023-11-02,37.59,37.72,37.47,37.69
2023-11-03,38.19,38.54,38.17,38.46
2023-11-06,38.96,38.995,38.72,38.77
2023-11-07,38.53,38.725,38.355,38.7
2023-11-08,38.47,38.62,38.36,38.44
2023-11-09,38.42,38.5307,38.03,38.08
2023-11-10,38.08,38.35,38.015,38.35
2023-11-13,38.22,38.49,38.14,38.34
2023-11-14,38.92,39.42,38.91,39.36
2023-11-15,39.69,39.91,39.6,39.69
2023-11-16,39.24,39.495,39.14,39.31
2023-11-17,39.32,39.4301,39.24,39.36
2023-11-20,39.54,39.92,39.52,39.85
2023-11-21,39.75,39.83,39.52,39.6
2023-11-22,39.55,39.64,39.38,39.52
2023-11-24,39.36,39.57,39.33,39.54
2023-11-27,39.37,39.42,39.27,39.38
2023-11-28,39.56,39.775,39.49,39.71
2023-11-29,39.51,39.72,39.44,39.48
2023-11-30,39.57,39.61,39.29,39.56
2023-12-01,39.29,39.73,39.205,39.73
2023-12-04,39.42,39.5,39.1901,39.28
2023-12-05,38.93,39.09,38.84,39.04
2023-12-06,39.28,39.3,38.98,38.99
2023-12-07,39.12,39.2,38.9999,39.18
2023-12-08,38.93,39.14,38.85,39.01
2023-12-11,39.01,39.25,38.96,39.24
2023-12-12,39.12,39.265,38.94,39.25
2023-12-13,39.02,39.66,38.83,39.64
2023-12-14,39.9,40.28,39.9,40.22
2023-12-15,40.18,40.275,39.98,39.98
2023-12-18,39.95,39.99,39.78,39.96
2023-12-19,40.13,40.36,40.1,40.3
2023-12-20,39.29,39.355,38.79,38.84
2023-12-21,39.38,39.6,39.31,39.57
2023-12-22,39.26,39.456,39.215,39.38
2023-12-26,39.7,39.77,39.575,39.69
2023-12-27,39.89,39.98,39.82,39.92
2023-12-28,40.28,40.44,40.22,40.23
2023-12-29,40.2,40.42,40.17,40.21
2024-01-02,39.83,39.95,39.65,39.74
2024-01-03,39.33,39.645,39.315,39.52
2024-01-04,39.39,39.6,39.3801,39.39
2024-01-05,39.45,39.705,39.375,39.44
2024-01-08,39.17,39.565,39.13,39.55
2024-01-09,38.98,39.08,38.91,38.99
2024-01-10,38.94,38.965,38.81,38.9
2024-01-11,39.11,39.17,38.78,39.06
2024-01-12,39.34,39.4951,39.17,39.2
2024-01-16,38.51,38.53,38.19,38.25
2024-01-17,37.5,37.7,37.48,37.68
2024-01-18,37.97,38.03,37.83,37.99
2024-01-19,38.08,38.42,37.94,38.39
2024-01-22,37.95,38.145,37.91,38.05
2024-01-23,38.21,38.4299,38.19,38.38
2024-01-24,39.07,39.09,38.77,38.81
2024-01-25,38.97,39.02,38.735,38.86
2024-01-26,38.82,39.0,38.79,38.89
2024-01-29,39.0,39.01,38.7025,38.91
2024-01-30,38.49,38.61,38.41,38.6
2024-01-31,38.46,38.725,38.265,38.39
2024-02-01,38.62,38.775,38.53,38.76
2024-02-02,38.59,38.69,38.45,38.65
2024-02-05,38.55,38.8,38.49,38.7
2024-02-06,39.31,39.6,39.23,39.58
2024-02-07,39.5,39.68,39.465,39.63
2024-02-08,39.46,39.5,39.3,39.41
2024-02-09,39.46,39.64,39.25,39.58
2024-02-12,39.64,40.1,39.63,39.89
2024-02-13,39.38,39.525,38.95,39.14
2024-02-14,39.61,39.74,39.535,39.7
2024-02-15,39.73,39.91,39.71,39.89
2024-02-16,40.05,40.21,39.995,40.08
2024-02-20,40.24,40.32,40.04,40.14
2024-02-21,40.22,40.33,40.08,40.21
2024-02-22,40.57,40.66,40.4305,40.62
2024-02-23,40.59,40.66,40.455,40.6
2024-02-26,40.38,40.485,40.35,40.42
2024-02-27,40.53,40.56,40.45,40.5
2024-02-28,40.12,40.135,39.895,39.97
2024-02-29,40.18,40.185,39.93,39.99
2024-03-01,40.28,40.56,40.195,40.48
2024-03-04,40.54,40.54,40.335,40.39
2024-03-05,40.19,40.29,39.96,40.03
2024-03-06,40.6393,40.77,40.5505,40.61
2024-03-07,40.675,40.89,40.59,40.86
2024-03-08,40.99,41.12,40.765,40.82
2024-03-11,40.9,41.05,40.865,40.91
2024-03-12,41.25,41.38,41.07,41.36
2024-03-13,41.19,41.31,41.155,41.23
2024-03-14,41.26,41.31,40.91,41.02
2024-03-15,40.84,40.92,40.71,40.77
2024-03-18,41.01,41.05,40.79,40.84
2024-03-19,40.58,40.715,40.42,40.64
2024-03-20,40.72,41.12,40.66,41.1
2024-03-21,41.38,41.39,41.125,41.15
2024-03-22,40.9,40.96,40.7918,40.86
2024-03-25,40.8,40.95,40.8,40.89
2024-03-26,40.99,41.01,40.84,40.86
2024-03-27,40.84,40.93,40.745,40.93
2024-03-28,41.02,41.195,41.02,41.08
2024-04-01,41.26,41.46,41.06,41.15
2024-04-02,41.29,41.4275,41.24,41.28
2024-04-03,41.09,41.41,41.05,41.31
2024-04-04,41.72,41.79,41.135,41.16
2024-04-05,41.11,41.34,41.025,41.25
2024-04-08,41.47,41.6,41.4501,41.52
2024-04-09,41.79,41.87,41.6,41.8
2024-04-10,41.29,41.34,41.06,41.23
2024-04-11,41.53,41.55,41.22,41.48
2024-04-12,40.89,40.9,40.4438,40.53
2024-04-15,40.77,40.77,40.2,40.27
2024-04-16,39.73,39.925,39.62,39.74
2024-04-17,39.95,39.97,39.59,39.71
2024-04-18,39.9,40.1,39.78,39.87
2024-04-19,39.71,39.805,39.5817,39.71
2024-04-22,39.79,40.21,39.755,40.14
2024-04-23,40.18,40.51,40.16,40.47
2024-04-24,40.72,40.75,40.48,40.61
2024-04-25,40.27,40.75,40.22,40.7
2024-04-26,41.08,41.18,41.02,41.17
2024-04-29,41.37,41.58,41.3205,41.57
2024-04-30,41.18,41.32,40.99,40.99
2024-05-01,41.06,41.475,40.975,41.03
2024-05-02,41.58,42.19,41.45,42.09
2024-05-03,42.34,42.49,42.17,42.47
2024-05-06,42.47,42.54,42.4,42.51
2024-05-07,42.31,42.38,42.22,42.27
2024-05-08,42.0,42.295,42.0,42.28
2024-05-09,42.25,42.42,42.16,42.41
2024-05-10,42.69,42.74,42.45,42.5
2024-05-13,42.79,42.96,42.765,42.82
2024-05-14,42.86,43.07,42.84,43.05
2024-05-15,43.36,43.51,43.15,43.51
2024-05-16,43.545,43.7,43.45,43.6
2024-05-17,43.63,43.87,43.55,43.79
2024-05-20,43.53,43.71,43.495,43.63
2024-05-21,43.36,43.43,43.24,43.36
2024-05-22,43.4,43.43,43.13,43.22
2024-05-23,43.44,43.47,42.82,42.9
2024-05-24,42.97,43.125,42.935,43.02
2024-05-28,43.16,43.245,42.875,42.96
2024-05-29,42.36,42.4,42.24,42.32
2024-05-30,42.04,42.31,42.015,42.2
2024-05-31,41.8,41.82,41.455,41.79
2024-06-03,42.38,42.43,42.05,42.23
2024-06-04,41.56,41.715,41.41,41.64
2024-06-05,42.055,42.34,41.98,42.31
2024-06-06,42.51,42.56,42.37,42.52
2024-06-07,42.36,42.42,42.005,42.04
2024-06-10,42.11,42.37,42.01,42.29
2024-06-11,41.8,41.86,41.61,41.86
2024-06-12,42.41,42.53,42.195,42.28
2024-06-13,42.33,42.41,42.025,42.18
2024-06-14,42.09,42.26,42.02,42.23
2024-06-17,42.34,42.57,42.23,42.5
2024-06-18,42.6,42.97,42.6,42.89
2024-06-20,43.08,43.08,42.66,42.82
2024-06-21,42.73,42.82,42.65,42.67
2024-06-24,42.75,42.99,42.66,42.67
2024-06-25,42.6,42.6,42.46,42.57
2024-06-26,42.46,42.541,42.38,42.48
2024-06-27,42.7,42.71,42.47,42.51
2024-06-28,42.78,42.81,42.51,42.59
2024-07-01,42.86,42.919,42.62,42.69
2024-07-02,42.54,42.84,42.52,42.82
2024-07-03,43.1,43.47,43.1,43.45
2024-07-05,43.62,43.65,43.31,43.63
2024-07-08,43.74,43.805,43.61,43.64
2024-07-09,43.73,43.875,43.67,43.82
2024-07-10,43.98,44.08,43.89,44.07
2024-07-11,44.54,44.58,44.21,44.33
2024-07-12,44.47,44.64,44.455,44.51
2024-07-15,44.27,44.285,43.99,44.04
2024-07-16,44.06,44.3,44.02,44.29
2024-07-17,43.75,43.82,43.54,43.57
2024-07-18,43.65,43.675,43.085,43.16
2024-07-19,43.01,43.07,42.74,42.74
2024-07-22,43.02,43.14,42.905,43.1
2024-07-23,42.78,42.85,42.66,42.72
2024-07-24,42.53,42.575,42.085,42.1
2024-07-25,41.92,42.245,41.775,41.93
2024-07-26,42.28,42.46,42.1899,42.36
2024-07-29,42.32,42.325,42.07,42.22
2024-07-30,42.25,42.26,41.8899,42.03
2024-07-31,42.95,43.105,42.82,42.95
2024-08-01,42.79,42.875,42.085,42.2
2024-08-02,41.53,41.665,41.365,41.6
2024-08-05,39.41,40.6899,39.39,40.42
2024-08-06,40.28,40.95,40.2,40.65
2024-08-07,41.56,41.59,40.88,40.9
2024-08-08,41.45,41.86,41.3101,41.83
2024-08-09,41.93,42.135,41.765,42.06
2024-08-12,42.16,42.365,42.085,42.2
2024-08-13,42.31,42.68,42.285,42.67
2024-08-14,42.61,42.63,42.28,42.44
2024-08-15,42.65,43.0,42.57,42.91
2024-08-16,43.16,43.425,43.14,43.41
2024-08-19,43.63,43.91,43.57,43.83
2024-08-20,43.7,43.705,43.38,43.49
2024-08-21,43.51,43.75,43.5,43.66
2024-08-22,43.54,43.55,43.06,43.12
2024-08-23,43.55,43.925,43.44,43.84
2024-08-26,43.61,43.66,43.41,43.47
2024-08-27,43.47,43.59,43.3517,43.53
2024-08-28,43.42,43.45,43.1,43.26
2024-08-29,43.34,43.51,43.255,43.28
2024-08-30,43.5,43.52,43.175,43.37
2024-09-03,42.96,43.01,42.46,42.51
2024-09-04,42.4,42.75,42.4,42.5
2024-09-05,42.52,42.73,42.43,42.56
2024-09-06,42.54,42.59,41.75,41.78
2024-09-09,42.03,42.23,41.965,42.13
2024-09-10,42.05,42.05,41.69,41.97
2024-09-11,41.9,42.3,41.555,42.28
2024-09-12,42.37,42.64,42.26,42.63
2024-09-13,42.77,42.9,42.75,42.83
2024-09-16,42.99,43.01,42.78,42.97
2024-09-17,43.19,43.215,42.91,43.02
2024-09-18,43.1,43.4375,42.805,42.87
2024-09-19,43.62,43.88,43.37,43.78
2024-09-20,43.81,43.845,43.54,43.69
2024-09-23,43.92,44.17,43.885,44.03
2024-09-24,45.155,45.64,44.99,45.53
